security_code,security_name,quote_price,quote_change_pct,total_market_cap,float_market_cap,pe_ttm_provider,pe_dynamic_provider,pb_provider,ttm_parent_profit,ttm_deducted_profit,pe_ttm_computed,pe_ttm_deducted_computed,fy_latest_report_date,fy_parent_profit,fy_profit_yoy_pct,latest_quarter_report_date,latest_quarter_notice_date,latest_quarter_revenue_yoy_pct,latest_quarter_profit_yoy_pct,latest_quarter_deducted_yoy_pct,pe_ttm_pct_rank_5y,pb_pct_rank_5y,pe_ttm_5y_median,pb_5y_median,latest_predict_report_date,latest_predict_notice_date,latest_predict_type,latest_predict_summary,latest_express_report_date,latest_express_summary,forecast_years,forecast_profit_means,evidence_available_at,retrieved_at_utc,fetch_status,fetch_error
000333,美的集团,78.99,-0.43,601385539264,542054034991,13.61,11.86,2.91,44197734000,39479088000,13.606705,15.233015,2025-12-31,43945411000,14.033632,2026-03-31,2026-04-30,2.454635,2.031221,-14.024813,57.8,30.6,13.38,2.68,2018-12-31,2019-01-15,略增,"略增 004 金额[19800000000,20800000000] 幅度[15,20]%",,,2023A;2024A;2025A;2026E;2027E;2028E,33719935000;38537237000;43945411000;47051675517.241402;50979018275.862099;55105471428.571404,2026-04-30,2026-07-10T10:12:51+00:00,fetched,
000408,藏格矿业,69.3,0.67,108725792452,108724649002,23.24,17.27,7.11,4678841585.39,4857231074.92,23.237759,22.384315,2025-12-31,3852353240.98,49.316831,2026-03-31,2026-04-18,29.608468,110.604453,110.135019,56.3,78.2,20.52,4.08,2026-06-30,2026-07-07,预增,"预增 003 金额[2.2651,2.3928] 幅度[,]%",2019-12-31,营收2095856800(同比-21.812968%) 净利431631000(同比-49.230006%),2023A;2024A;2025A;2026E;2027E;2028E,3419880869.14;2579985938.8;3852353240.98;7744700000;9748800000;11343300000,2026-07-07,2026-07-10T10:41:16+00:00,fetched,
000423,东阿阿胶,46.79,-0.02,29937497095,29884786709,16.92,16.46,3.03,1769041377.46,1670084877.03,16.923006,17.925734,2025-12-31,1738741090.72,11.663027,2026-03-31,2026-04-25,5.519852,7.137737,7.685635,0.8,30.8,33.8,3.08,2024-12-31,2025-01-18,略增,"略增 003 金额[2.33,2.49] 幅度[,]%",2023-06-30,营收2167139000(同比18.689006%) 净利531113600(同比72.292696%),2023A;2024A;2025A;2026E;2027E;2028E,1150878550.46;1557132327.91;1738741090.72;2001734545.45455;2279000454.54545;2576335714.28571,2026-04-25,2026-07-10T10:30:29+00:00,fetched,
000538,云南白药,48.82,0.95,87107700278,86554607123,16.57,10.69,2.22,5256154244.440001,4942334069.009999,16.572516,17.62481,2025-12-31,5153486838.91,8.507812,2026-03-31,2026-04-30,7.022807,5.306798,4.120239,1.4,1.4,23.66,2.52,2023-06-30,2023-07-13,预增,"预增 003 金额[1.46,1.68] 幅度[,]%",2015-12-31,营收20738126205.080002(同比10.224951%) 净利2770841401.07(同比10.564917%),2023A;2024A;2025A;2026E;2027E;2028E,4093782074.02;4749415499.55;5153486838.91;5546193846.15385;5976930000;6451011666.66667,2026-04-30,2026-07-10T10:35:55+00:00,fetched,
000568,泸州老窖,78.18,4.37,115073256377,115007481511,11.57,7.76,2.23,9946383844.190001,9848522305.43,11.569356,11.684317,2025-12-31,10830713936.139999,-19.611632,2026-03-31,2026-04-29,-14.189134,-19.254787,-19.836749,1.8,0.9,22.16,7.21,2022-09-30,2022-10-15,略增,"略增 005 金额[7998865800,8205665800] 幅度[27.43,30.73]%",2021-12-31,营收20383907100(同比22.404883%) 净利7849309800(同比30.697165%),2023A;2024A;2025A;2026E;2027E;2028E,13246394700.59;13472986476.01;10830713936.139999;9735746071.42857;10355746071.4286;11252062962.962999,2026-04-29,2026-07-10T10:30:16+00:00,fetched,
000651,格力电器,38.25,0.03,214253769593,211216862381,7.34,8.81,1.41,29180803312.590004,27691133259.860001,7.342285,7.73727,2025-12-31,29003103411.66,-9.885069,2026-03-31,2026-04-29,3.461523,3.009588,-0.265144,26.9,3,7.84,1.9,2023-12-31,2023-12-21,略增,"略增 005 金额[26100000000,27800000000] 幅度[8.8,15.9]%",2020-12-31,营收170497000000(同比-14.967483%) 净利22175000000(同比-10.211767%),2023A;2024A;2025A;2026E;2027E;2028E,29017387604.18;32184570372.279999;29003103411.66;30130237826.087002;31688664782.6087;33443017142.857101,2026-04-29,2026-07-10T10:36:00+00:00,fetched,
000657,中钨高新,74.71,-1.68,170234534724,108548052301,87.34,46.2,16.76,1949019503.55,1824991873.4,87.343679,93.279612,2025-12-31,1280667298.04,29.197482,2026-03-31,2026-04-27,106.471628,264.444359,349.575881,93.8,98.4,32.64,2.77,2026-03-31,2026-04-10,预增,"预增 004 金额[900000000,950000000] 幅度[256,276]%",2025-12-31,营收17638510000(同比19.344511%) 净利1280670000(同比29.197478%),2023A;2024A;2025A;2026E;2027E;2028E,799753952.34;991247874.88;1280667298.04;4623321428.57143;5058084285.71429;5898052500,2026-04-27,2026-07-10T10:47:19+00:00,fetched,
000762,西藏矿业,23.49,0,12234043948,12233606517,5524.86,161.1,4.16,2214364.16,-24539671.35,5524.856376,,2025-12-31,-30211138.32,-127.036078,2026-03-31,2026-04-24,189.744711,241.262572,199.439489,95.1,31.4,55.39,5.13,2025-12-31,2026-01-31,首亏,"首亏 003 金额[-0.077,-0.038] 幅度[,]%",2021-12-31,营收644114301.06(同比68.182602%) 净利140158748.67(同比388.887771%),2023A;2024A;2025A,163813140.71;111743790.21;-30211138.32,2026-04-24,2026-07-10T10:46:14+00:00,fetched,
000792,盐湖股份,25.4,-2.64,134405942541,134404744423,13.03,11.1,3.01,10314269161.23,10107307352.959999,13.031068,13.297898,2025-12-31,8475535262.69,81.756883,2026-03-31,2026-04-30,94.891977,154.78405,142.898472,34.3,37.3,17.33,3.65,2026-06-30,2026-07-03,预增,"预增 005 金额[6000000000,6300000000] 幅度[135.17,146.93]%",2026-03-31,营收6431955100(同比94.891979%) 净利2939371100(同比147.435348%),2023A;2024A;2025A;2026E;2027E;2028E,7913614646.24;4663116528.38;8475535262.69;11353620000;12694328750;13868625333.3333,2026-07-03,2026-07-10T10:41:16+00:00,fetched,
000858,五 粮 液,73.69,3.94,286035693888,286028721783,22.7,8.87,2.42,12600709094.880001,12434312022.780003,22.699968,23.003741,2025-12-31,8954257202.51,-71.888963,2026-03-31,2026-04-30,33.666964,82.567786,81.91761,42.2,0.6,24.42,4.61,2021-12-31,2022-03-10,略增,"略增 006 金额[66200000000,66200000000] 幅度[15,15]%",2013-12-31,营收24716758800(同比-9.133058%) 净利7972665600(同比-19.750703%),2023A;2024A;2025A;2026E;2027E;2028E,30210585269.299999;31853172533.98;8954257202.51;17835065263.157902;19668975789.473701;20208155625,2026-04-30,2026-07-10T10:29:51+00:00,fetched,
000893,亚钾国际,39.65,1.1,36638629565,32188120747,20.12,17.2,2.66,1820659530.87,2001452731,20.123823,18.306018,2025-12-31,1672578453.76,75.974587,2026-03-31,2026-04-28,22.70453,38.519956,37.904695,42.5,52.3,21.7,2.58,2025-12-31,2026-01-24,预增,"预增 004 金额[1660000000,1970000000] 幅度[75,107]%",2020-12-31,营收363172361.57(同比-40.014959%) 净利59447042.56(同比43.468523%),2023A;2024A;2025A;2026E;2027E;2028E,1235153163.73;950465904.14;1672578453.76;3158819500;4246947500;5056974000,2026-04-28,2026-07-10T10:47:19+00:00,fetched,
000895,双汇发展,23.37,1.34,80969132548,80958575244,15.4,15.67,4.07,5259156866.48,5154081052.96,15.395839,15.709713,2025-12-31,5104609986.02,2.316312,2026-03-31,2026-04-29,2.120525,13.589831,20.239526,12.3,1.3,17.59,4.27,2014-03-31,2014-03-31,略增,"略增 004 金额[,] 幅度[,50]%",2010-12-31,营收36749335200(同比29.621126%) 净利1089281500(同比19.61489%),2023A;2024A;2025A;2026E;2027E;2028E,5052741772.33;4989048074.6;5104609986.02;5409000000;5613888888.88889;5828875000,2026-04-29,2026-07-10T10:36:05+00:00,fetched,
000933,神火股份,23.49,10.02,52829113333,52791897773,9.46,5.77,2.1,5586789509.68,5632091634.63,9.456077,9.380017,2025-12-31,4005359185.05,-6.998736,2026-03-31,2026-04-14,28.827177,223.283377,217.763673,60.9,29.8,8.29,2.28,2026-06-30,2026-07-10,预增,"预增 003 金额[2.169,2.169] 幅度[,]%",2021-12-31,营收34405013200(同比82.915544%) 净利3280832000(同比815.607427%),2023A;2024A;2025A;2026E;2027E;2028E,5905386622.42;4306779295.81;4005359185.05;8322582352.94118;8900685294.117649;9396308823.529409,2026-07-10,2026-07-10T10:46:00+00:00,fetched,
000999,华润三九,23.76,0.42,39541816306,39505609511,12.25,9.19,1.78,3226785518.98,2964089345.15,12.254244,13.340292,2025-12-31,3421001213.82,1.577019,2026-03-31,2026-04-25,18.620434,-15.291686,-13.963865,1,6.2,17.2,2.54,2023-12-31,2024-01-25,略增,"略增 004 金额[2818000000,3065000000] 幅度[15.08,25.16]%",2025-12-31,营收31629472000(同比14.530603%) 净利3421788100(同比1.600382%),2023A;2024A;2025A;2026E;2027E;2028E,2852931664.85;3367888968.2;3421001213.82;3676500000;4070250000;4452363636.36364,2026-04-25,2026-07-10T10:35:55+00:00,fetched,
002128,电投能源,24,3.94,70881603528,53797763832,12.09,8.86,1.51,5861149252.72,5684570736.73,12.093465,12.469122,2025-12-31,5419089199.76,1.450421,2026-03-31,2026-04-15,11.619578,28.354482,29.868063,89.7,95.4,8.42,1.23,2021-12-31,2022-01-26,预增,"预增 003 金额[1.85,1.85] 幅度[,]%",2020-12-31,营收20073924148.880001(同比4.797303%) 净利2312915062.99(同比-6.226637%),2023A;2024A;2025A;2026E;2027E;2028E,4559652079.29;5341613309.3;5419089199.76;7600888888.88889;8120444444.44444;8533222222.22222,2026-04-15,2026-07-10T10:46:00+00:00,fetched,
002371,北方华创,801,-8.81,581277049200,580812988248,104.25,88.89,15,5576024767.16,5392456745.8,104.24578,107.794476,2025-12-31,5521993004.86,-1.774594,2026-03-31,2026-04-30,25.79609,3.418202,3.598596,73.8,87.8,54.75,7.56,2025-03-31,2025-04-08,预增,"预增 005 金额[1400000000,1720000000] 幅度[29.06,58.56]%",2024-12-31,营收29838069162.259998(同比35.1395%) 净利5621189109.13(同比44.167433%),2023A;2024A;2025A;2026E;2027E;2028E,3899069987.91;5621756343.64;5521993004.86;7426013043.47826;10348500000;13581328571.4286,2026-04-30,2026-07-10T10:13:21+00:00,fetched,
002372,伟星新材,7.98,0.25,12704463144,11737445515,17.02,26.58,2.86,746553699.57,657509003.26,17.017481,19.322113,2025-12-31,740777487.24,-22.242099,2026-03-31,2026-04-28,-9.200137,5.080143,-23.427264,11.8,0.2,21.3,5,2018-12-31,2018-10-27,略增,"略增 004 金额[821285700,1067671400] 幅度[0,30]%",2024-12-31,营收6270985662.13(同比-1.68225%) 净利954538790.43(同比-33.361246%),2023A;2024A;2025A;2026E;2027E;2028E,1432407923.84;952671657.36;740777487.24;820641363.636364;910042727.272727;1012326666.66667,2026-04-28,2026-07-10T10:41:16+00:00,fetched,
002466,天齐锂业,47.8,-4,81891835744,70539606961,36.65,10.91,1.77,2234378844.73,2130482368.24,36.650828,38.438166,2025-12-31,462625452.36,105.852625,2026-03-31,2026-04-28,98.438292,1699.122402,3987.183743,86.5,37.8,7.73,2.18,2026-03-31,2026-04-21,预增,"预增 004 金额[1700000000,2000000000] 幅度[1530.31,1818.01]%",2020-12-31,营收3239452205.58(同比-33.077677%) 净利-1800980286.04(同比69.900197%),2023A;2024A;2025A;2026E;2027E;2028E,7297314973.99;-7904580295.37;462625452.36;6425873333.33333;7342204444.44445;8158682222.22222,2026-04-28,2026-07-10T10:46:19+00:00,fetched,
002532,天山铝业,11.17,4.69,51702996926,45873597739,8.65,5.83,1.71,5978538193.92,5820205537.37,8.6481,8.883363,2025-12-31,4817847502.12,8.134823,2026-03-31,2026-04-29,6.553903,109.696476,111.775857,12.3,59.1,12.67,1.54,2026-06-30,2026-07-06,预增,"预增 005 金额[4090000000,4090000000] 幅度[108.56,108.56]%",2021-12-31,营收28744767100(同比4.68047%) 净利3833042400(同比100.44294%),2023A;2024A;2025A;2026E;2027E;2028E,2205311394.06;4455407938.46;4817847502.12;8897917894.736839;9858957894.736839;10536961764.7059,2026-07-06,2026-07-10T10:46:00+00:00,fetched,
002714,牧原股份,38.14,2.78,220182070301,125118241433,22.51,-45.31,2.63,9780954827.200001,10337720480.970001,22.511306,21.2989,2025-12-31,15486891254.040001,-13.390383,2026-03-31,2026-04-22,-17.103042,-127.050002,-125.315049,83.1,2.4,13.59,3.7,2026-06-30,2026-07-11,首亏,"首亏 004 金额[-6700000000,-5700000000] 幅度[-163.63,-154.13]%",2020-12-31,营收56277065607.849998(同比178.305426%) 净利27451421940.73(同比348.96613%),2023A;2024A;2025A;2026E;2027E;2028E,-4263280820.31;17881260485.27;15486891254.040001;6949574838.70968;27287693870.967701;26082109642.857101,2026-07-11,2026-07-10T10:40:27+00:00,fetched,
002738,中矿资源,51.8,-2.61,37373279229,36841611747,45,18.4,3.01,830548258.46,853766774.28,44.998324,43.774577,2025-12-31,457639791.04,-39.543577,2026-03-31,2026-04-30,-10.441058,276.679049,1028.558311,64.4,43.8,34.02,3.42,2026-06-30,2026-07-11,预增,"预增 003 金额[1.4553,1.7325] 幅度[,]%",2021-12-31,营收2394085800.33(同比87.666957%) 净利558934411.57(同比220.742335%),2023A;2024A;2025A;2026E;2027E;2028E,2208162354.73;756974637.04;457639791.04;2889914000;4379870000;5501688461.53846,2026-07-11,2026-07-10T10:46:20+00:00,fetched,
300059,东方财富,20.19,-1.94,319450215476,269603041717,24.37,21.37,3.39,13107344087.009998,12650935441.389999,24.371849,25.251114,2025-12-31,12084594947.219999,25.748628,2026-03-31,2026-04-25,44.338016,37.669892,36.948973,11.7,22.6,31.52,4.14,2022-12-31,2023-01-20,续盈,"续盈 005 金额[7700000000,8700000000] 幅度[-8.77,3.08]%",2021-12-31,营收13094320648.24(同比58.93949%) 净利8552927696.06(同比79.002512%),2023A;2024A;2025A;2026E;2027E;2028E,8193469277.99;9610120743.639999;12084594947.219999;14781351739.1304;16625531304.347799;18189750454.545502,2026-04-25,2026-07-10T10:22:21+00:00,fetched,
300124,汇川技术,63.43,-1.38,171743318168,152886262690,36.23,42.37,4.9,4740628196.120001,4762402555.85,36.227966,36.062327,2025-12-31,5050002089.89,17.839457,2026-03-31,2026-04-28,12.979763,-23.387363,-15.245933,28.6,2.8,39.45,7.33,2025-12-31,2026-02-10,略增,"略增 004 金额[4971172200,5399721600] 幅度[16,26]%",2023-12-31,营收30419925397.639999(同比32.212762%) 净利4745144294.08(同比9.847346%),2023A;2024A;2025A;2026E;2027E;2028E,4741863347.2;4285493340.7;5050002089.89;6035428571.42857;7276142857.14286;8602461538.46154,2026-04-28,2026-07-10T10:25:14+00:00,fetched,
300308,中际旭创,1093.98,-8.45,1220044392561,1214251918336,81.61,53.19,35.22,14948879698.610001,14859416300.1,81.614436,82.105809,2025-12-31,10797254300.450001,108.784368,2026-03-31,2026-04-17,192.116909,262.283657,264.562738,93.8,97.4,37.4,6.22,2025-12-31,2026-01-31,预增,"预增 002 金额[10500000000,12700000000] 幅度[95.47,136.42]%",2025-12-31,营收38239982100(同比60.253651%) 净利10798634500(同比108.811055%),2023A;2024A;2025A;2026E;2027E;2028E,2173527747.77;5171485967.85;10797254300.450001;30190487666.666698;53243133333.333298;77700140714.285706,2026-04-17,2026-07-10T10:10:43+00:00,fetched,
300750,宁德时代,348.76,-7.12,1613590754282,1484683781544,20.43,19.45,4.94,78976434000,70771329000,20.431294,22.800063,2025-12-31,72201282000,42.283446,2026-03-31,2026-04-16,52.448696,48.523716,52.94931,21,26.9,25.37,5.4,2024-12-31,2025-01-21,略减,"略减 006 金额[356000000000,366000000000] 幅度[-11.2,-8.71]%",2019-12-31,营收45545737000(同比53.812194%) 净利4356195700(同比28.61383%),2023A;2024A;2025A;2026E;2027E;2028E,44121248000;50744682000;72201282000;94856487096.7742;117163669677.419006;140923057666.666992,2026-04-16,2026-07-10T10:29:25+00:00,fetched,
300760,迈瑞医疗,141.57,1.48,171645328149,171497796494,21.9,18.42,4.49,7836852861,7834439739,21.902329,21.909075,2025-12-31,8135775409,-30.275662,2026-03-31,2026-04-29,1.394129,-11.372014,-9.251277,2.6,1.1,31.04,10,2020-09-30,2020-10-15,略增,"略增 006 金额[14855350000,16093300000] 幅度[20,30]%",2019-12-31,营收16555991300(同比20.377815%) 净利4680646800(同比25.849678%),2023A;2024A;2025A;2026E;2027E;2028E,11582226085;11668487164;8135775409;8774443461.53846;9952746923.07692;11234796250,2026-04-29,2026-07-10T10:29:25+00:00,fetched,
300866,安克创新,105.92,-2.47,61741739392,32579206295,24.49,32.73,6.02,2520964864.82,2286458634.67,24.491313,27.003217,2025-12-31,2545131880.4,20.369672,2026-03-31,2026-04-30,26.93412,-4.874729,24.388224,48.9,60.6,24.6,4.96,2020-09-30,2020-08-13,略增,"略增 006 金额[5452975200,5907389800] 幅度[20,30]%",2020-06-30,营收3527713400(同比24.521085%) 净利276563400(同比8.270327%),2023A;2024A;2025A;2026E;2027E;2028E,1614871961.81;2114429526.95;2545131880.4;3193866666.66667;3919611250;4713961304.34783,2026-04-30,2026-07-10T10:40:02+00:00,fetched,
300979,华利集团,30.1,0.07,35126700000,35126469735,12.42,22.87,2.32,2828790453.51,2867892304.16,12.417569,12.248263,2025-12-31,3206670242.12,-16.500117,2026-03-31,2026-04-29,-19.401257,-49.595707,-51.760222,0.3,0.3,20.33,4.59,2024-06-30,2024-07-18,略增,"略增 005 金额[1723724800,1867368600] 幅度[20,30]%",2025-12-31,营收24980125100(同比4.056134%) 净利3206670200(同比-16.500118%),2023A;2024A;2025A;2026E;2027E;2028E,3200210711.17;3840329037.87;3206670242.12;3262524827.58621;3818256551.72414;4263175384.61538,2026-04-29,2026-07-10T10:40:22+00:00,fetched,
300997,欢乐家,14.12,3.52,6141825467,5571629820,130.45,41.32,6.17,47081993.78,43470288.06,130.449562,141.287894,2025-12-31,44174613.79,-70.026791,2026-03-31,2026-04-24,-3.746263,8.487875,7.911717,88.9,59.5,32.61,5.09,2025-12-31,2026-01-23,预减,"预减 005 金额[30000000,45000000] 幅度[-79.28,-68.92]%",2023-12-31,营收1922604929.22(同比20.467427%) 净利283443840.69(同比39.33365%),2023A;2024A;2025A;2026E;2027E;2028E,278393717.19;147380329.57;44174613.79;45000000;55000000;64000000,2026-04-24,2026-07-10T10:40:12+00:00,fetched,
301498,乖宝宠物,39.06,3.77,15642469130,7005123284,26.4,31.66,3.37,592492520.36,590290045.78,26.401125,26.499632,2025-12-31,673144046.69,7.75107,2026-03-31,2026-04-23,11.080296,-39.503633,-37.47038,0.6,0.6,45.46,5.88,2023-12-31,2024-01-17,预增,"预增 004 金额[410000000,440000000] 幅度[53.63,64.87]%",2023-03-31,营收904546400(同比24.541669%) 净利84984000(同比93.693923%),2023A;2024A;2025A;2026E;2027E;2028E,428842376.18;624721447.54;673144046.69;745812142.857143;919796428.571428;1112556800,2026-04-23,2026-07-10T10:40:02+00:00,fetched,
600036,XD招商银,36.88,0.9,930107905765,760795470542,6.17,6.14,0.84,150747000000,150666000000,6.169993,6.17331,2025-12-31,150181000000,1.206273,2026-03-31,2026-04-29,3.807716,1.517996,1.774558,29.5,4.6,6.78,0.99,2010-09-30,2010-10-13,预增,"预增 004 金额[,] 幅度[50,]%",2025-12-31,营收337532000000(同比0.013038%) 净利150181000000(同比1.206273%),2023A;2024A;2025A;2026E;2027E;2028E,146602000000;148391000000;150181000000;154302452083.333008;160927941250;169869971363.635986,2026-04-29,2026-07-10T10:22:15+00:00,fetched,
600111,北方稀土,42.51,-1.09,153676448943,153676448943,56.12,41.86,6.12,2738385772.89,2504586586.19,56.119357,61.35801,2025-12-31,2251272073.68,124.168456,2026-03-31,2026-04-29,27.693588,113.117325,103.211413,61.9,55.5,45.76,5.18,2026-03-31,2026-04-14,预增,"预增 004 金额[900000000,940000000] 幅度[109.14,118.43]%",2025-12-31,营收42563083200(同比29.110831%) 净利2251272100(同比124.168464%),2023A;2024A;2025A;2026E;2027E;2028E,2370740184.54;1004276921.89;2251272073.68;4093478000;5084016000;6526925000,2026-04-29,2026-07-10T10:46:00+00:00,fetched,
600132,重庆啤酒,41.75,1.24,20205797517,20205797517,16.9,11.54,16.19,1195935472.32,1154690561,16.895391,17.498885,2025-12-31,1230897085.41,10.434664,2026-03-31,2026-04-30,-0.123947,-7.396427,-7.072501,0.3,0.3,25.63,19.69,2020-12-31,2021-01-30,续盈,"续盈 004 金额[,] 幅度[-6,7]%",2025-12-31,营收14721871100(同比0.527657%) 净利1230897100(同比10.43467%),2023A;2024A;2025A;2026E;2027E;2028E,1336597321.13;1114593043.58;1230897085.41;1277756206.89655;1334613793.10345;1393469285.71429,2026-04-30,2026-07-10T10:30:17+00:00,fetched,
600276,恒瑞医药,55.75,0.25,370023892976,355629376776,45.57,40.53,5.93,8119267525.130001,7722517780.3,45.573556,47.914929,2025-12-31,7711054811.98,21.692132,2026-03-31,2026-04-23,12.975363,21.782317,16.589623,10.6,8.4,56.42,6.92,2009-12-31,2010-01-27,预增,"预增 004 金额[,] 幅度[50,]%",,,2023A;2024A;2025A;2026E;2027E;2028E,4302435930.05;6336527014.75;7711054811.98;9436328750;11147743750;13410815217.3913,2026-04-23,2026-07-10T10:29:25+00:00,fetched,
600285,羚锐制药,21.72,-0.32,12317748356,12304173356,15.61,12.5,4.07,789019115.14,735180299.01,15.61147,16.754731,2025-12-31,759503032.53,5.114148,2026-03-31,2026-04-28,10.31771,13.613328,11.588241,9.7,37.1,17.84,3.51,2016-12-31,2017-01-20,略增,"略增 005 金额[,] 幅度[28,38]%",2009-06-30,营收235000000(同比21.234007%) 净利20140000(同比108.273009%),2023A;2024A;2025A;2026E;2027E;2028E,568109302.85;722550720.15;759503032.53;861500000;971000000;1085500000,2026-04-28,2026-07-10T10:35:55+00:00,fetched,
600309,万华化学,68.71,-0.25,215094705422,215094705422,16.34,14.46,2,13162842760.049999,12697072078.619999,16.341053,16.940497,2025-12-31,12527201094.15,-3.881401,2026-03-31,2026-04-21,25.504673,20.623881,18.201282,57.1,8.6,15.85,3.06,2026-06-30,2026-07-07,预增,"预增 004 金额[9800000000,10400000000] 幅度[60.05,69.85]%",2025-12-31,营收203234573800(同比11.624956%) 净利12527201100(同比-3.8814%),2023A;2024A;2025A;2026E;2027E;2028E,16815755534.309999;13033066612.84;12527201094.15;18447143461.538502;21215326153.846199;24134580833.333302,2026-07-07,2026-07-10T10:29:25+00:00,fetched,
600392,盛和资源,24.29,-2.25,42576157385,42576157385,42.66,32.52,3.45,998017162.41,973622778.81,42.660747,43.729623,2025-12-31,839014104.85,304.936521,2026-03-31,2026-04-30,13.069031,94.455886,96.66192,45.4,70.4,46.45,2.74,2026-06-30,2026-07-11,预增,"预增 005 金额[790000000,920000000] 幅度[117.32,153.09]%",2016-12-31,营收1371133500(同比24.858%) 净利-32852300(同比-269.967302%),2023A;2024A;2025A;2026E;2027E;2028E,332737733.12;207196451.93;839014104.85;1354000000;1711000000;2144000000,2026-07-11,2026-07-10T10:46:15+00:00,fetched,
600406,国电南瑞,22.04,1.66,177019905678,176500202610,21.28,61.36,3.56,8320071755.78,8015812950.53,21.276247,22.083837,2025-12-31,8278971723.32,8.787323,2026-03-31,2026-04-30,7.522466,6.042417,5.394146,0.2,0.2,27.33,4.17,2023-09-30,2023-09-27,略增,"略增 004 金额[4055454200,4205454200] 幅度[10.9,15]%",2010-06-30,营收995334200(同比33.060841%) 净利164086300(同比43.019846%),2023A;2024A;2025A;2026E;2027E;2028E,7175185980.94;7610235695.07;8278971723.32;9171402000;10284938000;11643556250,2026-04-30,2026-07-10T10:22:37+00:00,fetched,
600436,片仔癀,117.05,6.11,70618279431,70618279431,37.12,23.75,4.64,1902333145.68,1720905784.05,37.121931,41.035529,2025-12-31,2158633048.42,-27.489713,2026-03-31,2026-04-30,-12.740562,-25.635535,-27.731367,2.5,1.5,51.85,11.23,2024-03-31,2024-01-31,略增,"略增 004 金额[,] 幅度[25,]%",2025-06-30,营收5378537100(同比-4.814552%) 净利1442309300(同比-16.219801%),2023A;2024A;2025A;2026E;2027E;2028E,2797351515.7;2977002486.34;2158633048.42;2260600000;2638600000;3113000000,2026-04-30,2026-07-10T10:35:55+00:00,fetched,
600519,贵州茅台,1204.98,1.93,1506323327573,1506323327573,18.21,13.82,6.39,82715105749.369995,82683209146.76001,18.210982,18.218008,2025-12-31,82320067101.679993,-4.532255,2026-03-31,2026-04-25,6.336009,1.471418,1.452898,0.8,0.8,30.16,9.68,2024-12-31,2025-01-03,略增,"略增 006 金额[173800000000,173800000000] 幅度[15.44,15.44]%",2019-06-30,营收41200000000(同比16.874576%) 净利19900000000(同比26.235508%),2023A;2024A;2025A;2026E;2027E;2028E,74734071550.75;86228146421.619995;82320067101.679993;86368705111.111099;91118160888.888901;95727914615.384598,2026-04-25,2026-07-10T10:10:43+00:00,fetched,
600549,厦门钨业,63.35,-2.1,100573562077,98441590933,33.16,22.72,5.69,3033388561.32,2919247313.74,33.155516,34.451881,2025-12-31,2309374213.97,34.888714,2026-03-31,2026-04-24,86.990742,189.135643,198.640114,86.9,96,20.46,2.82,2021-12-31,2022-01-26,不确定,"不确定 007 金额[153232500,153232500] 幅度[-1.41,-1.41]%",2025-12-31,营收46469254300(同比31.369873%) 净利2311000700(同比34.983716%),2023A;2024A;2025A;2026E;2027E;2028E,1601699946.56;1712058883.1;2309374213.97;5020898333.33333;5736663333.33333;7067110000,2026-04-24,2026-07-10T10:47:19+00:00,fetched,
600600,青岛啤酒,53.5,1.17,72984438974,37938237951,15.6,10.14,2.5,4677528958,4232908506,15.603204,17.242149,2025-12-31,4588101137,5.595355,2026-03-31,2026-04-28,-1.535668,5.228611,6.419178,1,1,25.86,4,2021-12-31,2022-01-14,略增,"略增 005 金额[2194000000,2194000000] 幅度[21,21]%",2020-12-31,营收27759710000(同比-0.800643%) 净利2201320000(同比18.855353%),2023A;2024A;2025A;2026E;2027E;2028E,4267851406;4344983858;4588101137;4836230857.14286;5090527714.28571;5353855294.11765,2026-04-28,2026-07-10T10:30:22+00:00,fetched,
600660,福耀玻璃,50.79,0.22,132548873990,101731675802,14.74,19.36,3.68,8994103346,8820508094,14.737308,15.027351,2025-12-31,9312304150,24.19757,2026-03-31,2026-04-22,5.075813,-15.676921,-17.321941,1,23,20.69,3.94,2022-12-31,2023-01-19,预增,"预增 004 金额[4719260000,5033870000] 幅度[50,60]%",2024-06-30,营收18340000000(同比22.014503%) 净利3499000000(同比23.377997%),2023A;2024A;2025A;2026E;2027E;2028E,5629256054;7497976123;9312304150;10381446875;12109546250;14070052000,2026-04-22,2026-07-10T10:22:29+00:00,fetched,
600690,海尔智家,20.35,1.7,190834763378,127249128164,10.2,10.26,1.52,18717796027.349998,17680914800.610001,10.195365,10.793263,2025-12-31,19552798222.849998,4.387112,2026-03-31,2026-04-28,-6.864988,-15.218895,-17.201736,2.7,1.4,14.48,2.33,2021-06-30,2021-04-30,不确定,"不确定 004 金额[,] 幅度[,]%",2017-12-31,营收159254466900(同比33.678707%) 净利6926034300(同比37.372736%),2023A;2024A;2025A;2026E;2027E;2028E,16596615045.870001;18731046273.169998;19552798222.849998;20500586296.296299;22238920000;24015477692.307701,2026-04-28,2026-07-10T10:36:00+00:00,fetched,
600750,华润江中,23.53,-0.72,14955980690,14796259050,16.44,12.98,3.98,909815951.86,854402876.17,16.438468,17.5046,2025-12-31,906685963.56,15.033561,2026-03-31,2026-04-25,-12.493068,1.098572,8.094715,23.1,54.9,17.69,3.37,2023-03-31,2023-04-12,略增,"略增 005 金额[224000000,224000000] 幅度[29,29]%",2025-12-31,营收4219500000(同比-4.868728%) 净利906120000(同比14.962128%),2023A;2024A;2025A;2026E;2027E;2028E,718666447.99;788192557.44;906685963.56;993586666.666667;1101171666.66667;1213182727.27273,2026-04-25,2026-07-10T10:36:00+00:00,fetched,
600809,山西汾酒,110.3,4.97,134562053687,134562053687,12.25,6.25,2.99,10981304120.380001,10976415711.15,12.253741,12.259198,2025-12-31,12246329337.25,0.028139,2026-03-31,2026-04-30,-9.68015,-19.029853,-19.181161,1,1,27.86,10.2,2023-06-30,2023-07-25,略增,"略增 006 金额[19011000000,19011000000] 幅度[23.98,23.98]%",2020-12-31,营收13996326967.870001(同比17.689532%) 净利3105893157.13(同比57.745761%),2023A;2024A;2025A;2026E;2027E;2028E,10438114410.469999;12242884323.77;12246329337.25;11771515000;12586536470.5882;13761018181.818199,2026-04-30,2026-07-10T10:30:03+00:00,fetched,
600886,国投电力,13.73,0,109901706217,102345888613,14.79,12.97,1.59,7433159797.88,7398833078.379999,14.785328,14.853924,2025-12-31,7393381322,11.295263,2026-03-31,2026-04-30,-4.633168,1.914108,2.112438,10.8,17.7,17.8,1.74,2023-12-31,2024-01-13,预增,"预增 004 金额[5723000000,6860000000] 幅度[40.29,68.16]%",2009-06-30,营收3199327190.8(同比-7.052376%) 净利96695932.69(同比-22.328634%),2023A;2024A;2025A;2026E;2027E;2028E,6704936953.85;6643033266.19;7393381322;7541857000;7981122000;8327674000,2026-04-30,2026-07-10T10:40:17+00:00,fetched,
600887,伊利股份,24.88,0.12,157374973395,156592971458,13.02,7.29,2.92,12085713552.039999,11767843011.5,13.021571,13.373307,2025-12-31,11565166497.809999,36.819568,2026-03-31,2026-04-30,5.471897,10.679851,15.110726,6.4,1.8,21.02,3.37,2013-12-31,2014-01-23,预增,"预增 004 金额[,] 幅度[80,80]%",,,2023A;2024A;2025A;2026E;2027E;2028E,10428540457.940001;8452859993.18;11565166497.809999;12262534062.5;13307554375;14378700000,2026-04-30,2026-07-10T10:36:05+00:00,fetched,
600900,长江电力,28.03,0.94,685844142579,685844142579,19.01,25.36,3.29,36083030476.999992,34450172603.919998,19.007388,19.908293,2025-12-31,34502809176.389999,6.174993,2026-03-31,2026-04-30,6.442778,30.501577,19.198322,25.8,56.9,20.63,2.95,2016-12-31,2017-01-21,略减,"略减 003 金额[1.0421,1.0421] 幅度[,]%",2025-12-31,营收85882000000(同比1.645282%) 净利34167000000(同比5.141612%),2023A;2024A;2025A;2026E;2027E;2028E,27244616815.27;32496172808.650002;34502809176.389999;35737877777.777802;37013353333.333298;37955777333.333298,2026-04-30,2026-07-10T10:12:57+00:00,fetched,
600938,XD中国海,28.15,1,1337968204650,84168500000,10.73,8.55,1.6,124663000000,122390000000,10.732681,10.932006,2025-12-31,122082000000,-11.493736,2026-03-31,2026-04-29,8.633275,7.059049,5.431172,78.8,52.9,9,1.58,2022-12-31,2023-01-20,预增,"预增 004 金额[139600000000,143600000000] 幅度[99,104]%",,,2023A;2024A;2025A;2026E;2027E;2028E,123843000000;137936000000;122082000000;161613065500;159014360500;162405965263.15799,2026-04-29,2026-07-10T10:13:06+00:00,fetched,
600989,宝丰能源,20.32,1.09,149013875200,149013875200,11.85,10.18,3.04,12574252743.839998,12322946107.610001,11.850714,12.09239,2025-12-31,11350295509.65,79.092383,2026-03-31,2026-04-24,22.895695,50.229757,30.916424,0.3,34.6,17.09,2.97,2025-12-31,2026-01-16,预增,"预增 005 金额[11200000000,12200000000] 幅度[65.19,79.94]%",2024-06-30,营收16895021900(同比29.069616%) 净利3304123000(同比46.411088%),2023A;2024A;2025A;2026E;2027E;2028E,5650614862.71;6337676311.63;11350295509.65;15686267741.935499;16657762258.064501;17924614137.931,2026-04-24,2026-07-10T10:46:05+00:00,fetched,
600993,马应龙,23.25,-2.31,10022002966,10004638122,16.97,11.79,2.18,590506296.62,571801655.18,16.971882,17.527062,2025-12-31,581492372.69,10.111557,2026-03-31,2026-04-25,4.459284,4.427877,4.140198,1.4,1.2,21.61,2.88,2022-09-30,2022-10-17,略增,"略增 006 金额[2750000000,2800000000] 幅度[8.68,10.66]%",,,2023A;2024A;2025A;2026E;2027E;2028E,443250935.32;528093859.48;581492372.69;676857142.857143;768000000;872142857.142857,2026-04-25,2026-07-10T10:36:00+00:00,fetched,
601088,中国神华,42.04,-0.21,911823818140,693283235628,17.68,21.37,1.99,51567000000,47596000000,17.682313,19.157572,2025-12-31,52849000000,-5.297016,2026-03-31,2026-04-25,1.166918,-10.728931,-8.483554,94.6,71,11.58,1.66,2025-12-31,2026-01-31,略减,"略减 004 金额[49500000000,54500000000] 幅度[-11.3,-2.3]%",2016-06-30,营收78723000000(同比-12.530972%) 净利9828000000(同比-18.628912%),2023A;2024A;2025A;2026E;2027E;2028E,59694000000;55805000000;52849000000;57899464166.666702;60205333333.333298;63079315217.391296,2026-04-25,2026-07-10T10:13:06+00:00,fetched,
601225,陕西煤业,22.92,0.48,222209400000,222209400000,13.74,13.2,2.38,16169982632.740002,15005316400,13.742093,14.808711,2025-12-31,16764763168.360001,-25.022705,2026-03-31,2026-04-25,-3.010555,-12.378955,-7.467837,93.2,56.5,8.58,2.09,2026-06-30,2026-07-11,预增,"预增 004 金额[11229000000,11687000000] 幅度[47,53]%",2025-12-31,营收158188709200(同比-14.0955%) 净利16547755600(同比-25.993231%),2023A;2024A;2025A;2026E;2027E;2028E,23100170491.310001;22359786564.16;16764763168.360001;20082882352.9412;21695176470.5882;22852500000,2026-07-11,2026-07-10T10:47:19+00:00,fetched,
601899,紫金矿业,27.72,0.36,737094609322,571081705841,11.95,9.18,3.89,61689942197,59301128443,11.948376,12.429689,2025-12-31,51777327785,61.548688,2026-03-31,2026-04-22,24.79377,97.500066,86.806572,6.7,57.7,16.44,3.51,2026-06-30,2026-07-10,预增,"预增 005 金额[37900000000,37900000000] 幅度[75,75]%",2018-06-30,营收49813890000(同比32.753388%) 净利2523040000(同比67.599309%),2023A;2024A;2025A;2026E;2027E;2028E,21119419571;32050602437;51777327785;83379523181.818207;98799725000;113383687894.737,2026-07-10,2026-07-10T10:12:51+00:00,fetched,
603129,春风动力,252.01,-2.44,38679191104,38679191104,22.98,22.88,5.26,1682876481.08,1587690247.18,22.983975,24.361925,2025-12-31,1675371241.24,13.834438,2026-03-31,2026-04-16,26.073871,1.807702,1.545126,47.1,52.9,23.47,4.77,2024-12-31,2025-01-24,预增,"预增 004 金额[1420000000,1560000000] 幅度[40.94,54.84]%",,,2023A;2024A;2025A;2026E;2027E;2028E,1007519139.18;1471761328.04;1675371241.24;2262248333.33333;2877134444.44444;3575844000,2026-04-16,2026-07-10T10:40:02+00:00,fetched,
603195,公牛集团,37.47,0.05,67575121957,67452120912,16.27,15.96,4.7,4153960464.89,3752954245.83,16.267637,18.005848,2025-12-31,4070632747.77,-4.718215,2026-03-31,2026-04-30,3.516517,8.547166,15.010259,0.2,0.2,25.89,6.75,2021-06-30,2021-07-02,预增,"预增 005 金额[1200000000,1440000000] 幅度[49.24,79.09]%",2022-12-31,营收14081373030.940001(同比13.697765%) 净利3174038717.44(同比14.159241%),2023A;2024A;2025A;2026E;2027E;2028E,3870135376.47;4272204565.03;4070632747.77;4280005500;4533751500;4812447500,2026-04-30,2026-07-10T10:12:51+00:00,fetched,
603288,海天味业,33.72,1.17,197323537112,187503450344,27.1,20.19,5.28,7280005363.940001,7045898936.029999,27.104862,28.005445,2025-12-31,7038465194.15,10.953336,2026-03-31,2026-04-28,8.565783,10.968252,9.335172,0.7,0.7,38.91,8.27,2013-12-31,2014-01-15,略增,"略增 004 金额[1580000000,1620000000] 幅度[30,35]%",,,2023A;2024A;2025A;2026E;2027E;2028E,5626626091.97;6343626494.69;7038465194.15;7873541212.12121;8713512727.27273;9557271875,2026-04-28,2026-07-10T10:12:51+00:00,fetched,
603505,金石资源,16.71,-2.39,14064285865,14064285865,43.93,57.4,7.58,320156276.63,314246659.08,43.92944,44.755562,2025-12-31,325762731.23,26.742402,2026-03-31,2026-04-29,7.108925,-8.384583,-9.49138,25.5,6.2,53.42,9.59,2023-12-31,2024-01-17,预增,"预增 004 金额[333000000,378000000] 幅度[50,70]%",2021-12-31,营收1043229900(同比18.642283%) 净利244878900(同比2.908325%),2023A;2024A;2025A;2026E;2027E;2028E,348898949.72;257027424.87;325762731.23;480666666.666667;628888888.888889;753444444.444444,2026-04-29,2026-07-10T10:46:09+00:00,fetched,
603529,爱玛科技,20.28,1.5,17526949623,17188526636,10.78,22.34,1.86,1625913425.289999,1539631220.71,10.779756,11.383862,2025-12-31,2034500102.37,2.342733,2026-03-31,2026-04-23,-18.454457,-67.567496,-69.247794,5.3,1.3,15.96,3.63,2025-03-31,2025-04-03,略增,"略增 005 金额[592650000,592650000] 幅度[31.57,31.57]%",2024-12-31,营收21606294200(同比2.710449%) 净利1987928200(同比5.678141%),2023A;2024A;2025A;2026E;2027E;2028E,1881115782.35;1987928242.51;2034500102.37;2117273846.15385;2474213846.15385;2693818181.81818,2026-04-23,2026-07-10T10:40:08+00:00,fetched,
603993,洛阳钼业,17.5,1.8,374400428080,305564738080,15.5,12.06,4.52,24152779836.73,23965319717.630001,15.501339,15.622593,2025-12-31,20338750797.529999,50.300755,2026-03-31,2026-04-25,44.336168,96.654962,90.58455,27.3,85.4,19.59,2.63,2026-06-30,2026-07-11,预增,"预增 005 金额[15000000000,16000000000] 幅度[71.94,83.4]%",2023-12-31,营收186268971920.540009(同比7.675616%) 净利8249711872.51(同比35.977988%),2023A;2024A;2025A;2026E;2027E;2028E,8249711872.51;13532035002.940001;20338750797.529999;33669992500;37555266500;41492778235.294098,2026-07-11,2026-07-10T10:41:16+00:00,fetched,
605499,东鹏饮料,121.51,0.06,89212558158,82142813519,19.01,17.74,4.68,4692676367.82,4425294092.46,19.011019,20.15969,2025-12-31,4415263147.79,32.721658,2026-03-31,2026-04-30,21.455482,28.307196,25.149202,0.6,0.6,41.64,14.43,2025-12-31,2026-01-14,略增,"略增 005 金额[4120000000,4350000000] 幅度[26.29,33.34]%",2022-12-31,营收8501498789.07(同比21.835986%) 净利1441880725.42(同比20.865765%),2023A;2024A;2025A;2026E;2027E;2028E,2039772803.92;3326708852.44;4415263147.79;5498244473.68421;6562831842.10526;7656138235.29412,2026-04-30,2026-07-10T10:40:02+00:00,fetched,
688008,澜起科技,268.06,-6.21,327177421909,306865577499,127.92,96.53,15.7,2557619214.5,2122861538.79,127.922648,154.120943,2025-12-31,2235569970.18,58.351278,2026-03-31,2026-04-28,19.514563,61.30464,20.141721,96.8,98.3,71.5,7.54,2025-12-31,2026-01-17,预增,"预增 005 金额[1920000000,2120000000] 幅度[53.81,69.83]%",2025-12-31,营收5456316800(同比49.943669%) 净利2235570000(同比58.351283%),2023A;2024A;2025A;2026E;2027E;2028E,450909813.13;1411778923.59;2235569970.18;3282991333.33333;4380282000;5722608571.42857,2026-04-28,2026-07-10T10:21:58+00:00,fetched,
688012,中微公司,434.51,-7.86,416192078629,409394034981,152.51,111.82,15.13,2728877851.88,1729053145.55,152.514001,240.705197,2025-12-31,2111472990.43,30.68668,2026-03-31,2026-04-28,34.128538,197.201998,60.092377,96.5,99,73.48,5.76,2025-12-31,2026-01-24,略增,"略增 004 金额[2080000000,2180000000] 幅度[28.74,34.93]%",2025-12-31,营收12384638300(同比36.617901%) 净利2111473000(同比30.686684%),2023A;2024A;2025A;2026E;2027E;2028E,1785907974.46;1615675746.81;2111472990.43;3113305200;4226415600;5425780434.78261,2026-04-28,2026-07-10T10:21:58+00:00,fetched,
688041,海光信息,353,-2.88,820491346123,820491346123,300.98,298.54,35.44,2726091047.04,2459391122.78,300.977235,333.615641,2025-12-31,2544890905.62,31.791994,2026-03-31,2026-04-08,68.055921,35.817794,34.992273,99.6,99.6,157.72,12.03,2026-03-31,2026-02-26,略增,"略增 005 金额[520000000,600000000] 幅度[17.6,35.7]%",2025-12-31,营收14375899400(同比56.905338%) 净利2542264100(同比31.655961%),2023A;2024A;2025A;2026E;2027E;2028E,1263178600.37;1930990510.51;2544890905.62;4488924444.44445;6679877777.77778;9068238695.65217,2026-04-08,2026-07-10T10:21:58+00:00,fetched,
688111,金山办公,233.76,2.71,108467780566,108467780566,29.89,12.35,7.41,3628825126.7,3583724320.59,29.890606,30.266776,2025-12-31,1836468727.81,11.633973,2026-03-31,2026-04-24,23.954025,444.965952,456.908939,1.9,2.4,94.37,12.67,2026-03-31,2026-04-14,预增,"预增 005 金额[1999440000,2281970000] 幅度[412.89,485.36]%",2025-12-31,营收5928744673.06(同比15.776827%) 净利1842976801.74(同比12.029581%),2023A;2024A;2025A;2026E;2027E;2028E,1317737042.69;1645080509.02;1836468727.81;2534614827.58621;2624880689.65517;3131480357.14286,2026-04-24,2026-07-10T10:22:03+00:00,fetched,
688981,中芯国际,163.02,-5.77,1395582593305,325968686738,276.6,256.31,9.32,5045569000,4186568000,276.595681,333.347647,2025-12-31,5040734000,36.285227,2026-03-31,2026-05-15,8.073898,0.356465,5.323171,99.9,99.9,73.64,3.65,2022-12-31,2022-11-11,略增,"略增 006 金额[49400000000,49400000000] 幅度[38,38]%",2025-12-31,营收67323200000(同比16.484992%) 净利5040700000(同比36.283018%),2023A;2024A;2025A;2026E;2027E;2028E,4822814000;3698665000;5040734000;6477700000;7922400000;9380500000,2026-05-15,2026-07-10T10:21:58+00:00,fetched,
689009,九号公司-WD,37.82,-1.15,27680292651,21263591132,18.39,34.03,3.63,1505369795.32,1474498681.95,18.387703,18.77268,2025-12-31,1758171535.84,62.173958,2026-03-31,2026-04-30,14.816408,-55.41839,-60.138262,2.6,4.3,51.91,5.67,2025-12-31,2026-01-30,预增,"预增 005 金额[1620000000,1790000000] 幅度[52.51,68.51]%",2025-12-31,营收21325031400(同比50.220618%) 净利1754548600(同比61.839781%),2023A;2024A;2025A;2026E;2027E;2028E,597994833.29;1084126917.88;1758171535.84;2153045000;2807474166.66667;3422714285.71429,2026-04-30,2026-07-10T10:40:07+00:00,fetched,
