signal,H,N,mean,median,win,p_ge_2,p_ge_5,mean_excess,excess_win,mkt_mean,mfe_ge_2,mfe_ge_3,mfe_ge_5,mfe_ge_10,mfe_mean
"vol_down(r=-0.05,k=2)",3,71756,-5.803290696348995e-05,-0.005028277635574341,0.45314677518256313,0.31710240258654326,0.18253525837560622,-0.004621727857738733,0.405108980433692,0.004563694819808006,0.620714644071576,0.5105217682145047,0.3511483360276493,0.14765315792407605,0.04897249862551689
"vol_down(r=-0.05,k=2)",5,71756,0.004064624197781086,-0.004155278205871582,0.46765427281342326,0.35609565750599254,0.229834438931936,-0.004327990580350161,0.4056942973409889,0.008392615243792534,0.6863119460393556,0.5908216734489102,0.44114777858297566,0.21883884274485757,0.0656435564160347
"vol_down(r=-0.05,k=2)",10,71756,0.010522386059165001,0.0,0.49371481130497796,0.4048720664474051,0.2918083505212108,-0.00646465877071023,0.39848932493450023,0.016987044364213943,0.7747366073917163,0.7006940186186521,0.5676180389096382,0.3374212609398517,0.09848370403051376
"vol_down(r=-0.05,k=2)",20,71756,0.023368345573544502,0.005357801914215088,0.514744411617147,0.4542198561792742,0.3650983889848933,-0.008510478772222996,0.39297062266570043,0.03187882527709007,0.8383828530018396,0.7842967835442333,0.6842075923964547,0.4767545571102068,0.14371585845947266
"vol_down(r=-0.05,k=2)",60,71756,0.03010999783873558,-0.011572271585464478,0.47409275879368973,0.43426333686381624,0.3802051396398907,-0.014605346135795116,0.3815011985060483,0.04471534490585327,0.8951028485422822,0.8656697697753498,0.8062461675678689,0.6706198784770612,0.26278331875801086
"drawdown_rebound(n=5,dd=-0.08,up=0.02)",3,306421,0.00513842748478055,0.005025148391723633,0.5339027024910172,0.3877834743702292,0.20860841783037062,0.0017982780700549483,0.46197551734378517,0.00334014929831028,0.7012998456372116,0.5840069708016096,0.3873494310115821,0.13723928842997052,0.051005586981773376
"drawdown_rebound(n=5,dd=-0.08,up=0.02)",5,306421,0.005299308802932501,0.004476308822631836,0.5233485955597038,0.40793875093417226,0.25558626856514405,0.001134095131419599,0.4528899781672927,0.00416521355509758,0.7678912346085941,0.6717098371195186,0.49681647145593805,0.2217243596228718,0.06789646297693253
"drawdown_rebound(n=5,dd=-0.08,up=0.02)",10,306421,0.010987245477735996,0.008510708808898926,0.5316672160197897,0.45486438592655204,0.34403647269606197,0.0021340609528124332,0.4555236096742717,0.008853184059262276,0.8338560346712529,0.7650846384549361,0.632822162971859,0.377588350667872,0.10103793442249298
"drawdown_rebound(n=5,dd=-0.08,up=0.02)",20,306421,0.029796885326504707,0.018599867820739746,0.5498154499854775,0.496127876353122,0.4152848531921768,0.004476900678128004,0.4532881232030442,0.025319984182715416,0.8734975735997207,0.8262292727978826,0.7339607925044301,0.533863540684222,0.15275068581104279
"drawdown_rebound(n=5,dd=-0.08,up=0.02)",60,306421,0.05280803516507149,0.015127897262573242,0.5260670776480725,0.49121633308422075,0.43872972152691886,0.0006857870612293482,0.41972645477953535,0.052122246474027634,0.9022162319162198,0.8779946544133724,0.8273160129364502,0.7032187741701776,0.2853444218635559
"oversold_ma(ma=20,dev=-0.1)",3,798963,0.005350638180971146,0.006928443908691406,0.5462706032694881,0.4029460688417361,0.22022922212918494,0.002344211097806692,0.47793827749219925,0.0030064270831644535,0.7086711149327316,0.5917733361870324,0.39994592991164796,0.1440029137769834,0.052187688648700714
"oversold_ma(ma=20,dev=-0.1)",5,798963,0.009400050155818462,0.009554147720336914,0.552886679358118,0.43788260532715534,0.2787250473426179,0.0037349339108914137,0.47954911554102003,0.005665116012096405,0.777184925960276,0.6830504040862969,0.5135506900820188,0.23447018197338299,0.06985664367675781
"oversold_ma(ma=20,dev=-0.1)",10,798963,0.019034167751669884,0.014794588088989258,0.5583525144468517,0.4785766049241329,0.3616875875353427,0.006433437578380108,0.4824065695157348,0.012600730173289776,0.8401127461471933,0.7738067970606899,0.6441487277883957,0.38119036801453887,0.10238443315029144
"oversold_ma(ma=20,dev=-0.1)",20,798963,0.04674813151359558,0.03551602363586426,0.6016073335060572,0.5456435404392944,0.4581250946539452,0.012513206340372562,0.4895270494378338,0.03423492610454559,0.8739866552018053,0.8313301116572357,0.7444675160176378,0.5426822018040885,0.15484562516212463
"oversold_ma(ma=20,dev=-0.1)",60,798963,0.07046635448932648,0.03824126720428467,0.5731667173573745,0.5350986215882337,0.4771147099427633,0.011991120874881744,0.4547832628044102,0.05847523361444473,0.8881600274355633,0.8687523702599494,0.8269043747958291,0.7162909921986375,0.293129026889801
n_down(n=5),3,300894,0.005439118016511202,0.0030030012130737305,0.5255106449447313,0.3344799165154506,0.15551988407877856,0.0004687817709054798,0.4558648560622678,0.0049703363329172134,0.6103910347165447,0.4752171861186996,0.2886996749685936,0.09227502043909151,0.04140646010637283
n_down(n=5),5,300894,0.009152021259069443,0.004252195358276367,0.529824456453103,0.3757635579306998,0.20952893710077303,0.0006993510760366917,0.4467719529136506,0.008452670648694038,0.6975812080001595,0.5806463405717628,0.39661143126815424,0.15727797829135842,0.05587020143866539
n_down(n=5),10,300894,0.008905104361474514,0.0014947056770324707,0.5048754710961335,0.403776745299009,0.27538933976749286,-1.0387268957856577e-05,0.4386661083305084,0.0089154914021492,0.7831694882583236,0.693147753029306,0.5327956024380679,0.27394032449965766,0.08321201801300049
n_down(n=5),20,300894,0.02151269093155861,0.005884885787963867,0.5195949404109088,0.4494373433833842,0.3527122508258722,0.001618126523680985,0.43921779762973007,0.019894564524292946,0.8388668434731168,0.773518248951458,0.6509102873437157,0.41522595997261497,0.12139541655778885
n_down(n=5),60,300894,0.04562699422240257,0.01086956262588501,0.5240882171130032,0.47879651970461357,0.4148902935917632,0.004012462217360735,0.4328035786689,0.041614532470703125,0.8850658371386602,0.8513695853024653,0.785652090104821,0.6338012722088178,0.2417256385087967
"low_vol_pullback(ma=20,k=0.6)",3,406765,0.00026494578924030066,-0.0012770891189575195,0.4757316878295822,0.2685776799872162,0.09923174314407582,0.0002773611922748387,0.44211276781434,-1.241540303453803e-05,0.5247452460265756,0.38527651100758425,0.20770961120057035,0.05196612294568117,0.03231484815478325
"low_vol_pullback(ma=20,k=0.6)",5,406765,0.00010414611460873857,-0.002962946891784668,0.46648064607328554,0.3076837977702113,0.14781999434562954,0.0003167036920785904,0.434499035069389,-0.00021255758474580944,0.616210834265485,0.49109682494806584,0.30897201086622494,0.10357331628827456,0.04408825561404228
"low_vol_pullback(ma=20,k=0.6)",10,406765,0.0015219245105981827,-0.004879415035247803,0.4647179575430531,0.35003011566875225,0.21365653387090827,0.00030208396492525935,0.42557742185291264,0.0012198404874652624,0.7197325236930414,0.6185512519513724,0.4541787026907428,0.21107273241306404,0.06709463149309158
"low_vol_pullback(ma=20,k=0.6)",20,406765,0.0038670182693749666,-0.010294139385223389,0.4520742935109953,0.37225424999692697,0.2695585903408602,0.000717718037776649,0.4195788723218566,0.0031493003480136395,0.7967893009477217,0.7195309330940469,0.5858493233193613,0.3496933118631151,0.10257081687450409
"low_vol_pullback(ma=20,k=0.6)",60,406765,0.03239786624908447,-0.00984412431716919,0.47331505906358706,0.42645753690705934,0.36044644942411463,0.0012875063112005591,0.406116553784126,0.031110359355807304,0.8872100598625742,0.8422111046918983,0.7586001745479577,0.5818691382001893,0.20925447344779968
