effective_from,effective_to,screen_year,security_code,security_name,avg_roe_3y,rank
2010-05-01,2011-04-30,2009,000157,中联重科,,
2010-05-01,2011-04-30,2009,000338,潍柴动力,,
2010-05-01,2011-04-30,2009,000423,东阿阿胶,,
2010-05-01,2011-04-30,2009,000538,云南白药,,
2010-05-01,2011-04-30,2009,000568,泸州老窖,,
2010-05-01,2011-04-30,2009,000651,格力电器,,
2010-05-01,2011-04-30,2009,000792,盐湖股份,,
2010-05-01,2011-04-30,2009,000858,五粮液,,
2010-05-01,2011-04-30,2009,000869,张裕A,,
2010-05-01,2011-04-30,2009,000895,双汇发展,,
2010-05-01,2011-04-30,2009,000999,华润三九,,
2010-05-01,2011-04-30,2009,002001,新和成,,
2010-05-01,2011-04-30,2009,002007,华兰生物,,
2010-05-01,2011-04-30,2009,002024,ST易购,,
2010-05-01,2011-04-30,2009,002032,苏泊尔,,
2010-05-01,2011-04-30,2009,002128,电投能源,,
2010-05-01,2011-04-30,2009,002262,恩华药业,,
2010-05-01,2011-04-30,2009,600031,三一重工,,
2010-05-01,2011-04-30,2009,600036,招商银行,,
2010-05-01,2011-04-30,2009,600066,宇通客车,,
2010-05-01,2011-04-30,2009,600161,天坛生物,,
2010-05-01,2011-04-30,2009,600271,航天信息,,
2010-05-01,2011-04-30,2009,600276,恒瑞医药,,
2010-05-01,2011-04-30,2009,600309,万华化学,,
2010-05-01,2011-04-30,2009,600519,贵州茅台,,
2010-05-01,2011-04-30,2009,600570,恒生电子,,
2010-05-01,2011-04-30,2009,600585,海螺水泥,,
2010-05-01,2011-04-30,2009,600588,用友网络,,
2010-05-01,2011-04-30,2009,600600,青岛啤酒,,
2010-05-01,2011-04-30,2009,600660,福耀玻璃,,
2010-05-01,2011-04-30,2009,600750,华润江中,,
2010-05-01,2011-04-30,2009,600809,山西汾酒,,
2010-05-01,2011-04-30,2009,600900,长江电力,,
2010-05-01,2011-04-30,2009,601088,中国神华,,
2010-05-01,2011-04-30,2009,601899,紫金矿业,,
2011-05-01,2012-04-30,2010,000157,中联重科,,
2011-05-01,2012-04-30,2010,000338,潍柴动力,,
2011-05-01,2012-04-30,2010,000423,东阿阿胶,,
2011-05-01,2012-04-30,2010,000538,云南白药,,
2011-05-01,2012-04-30,2010,000568,泸州老窖,,
2011-05-01,2012-04-30,2010,000651,格力电器,,
2011-05-01,2012-04-30,2010,000792,盐湖股份,,
2011-05-01,2012-04-30,2010,000858,五粮液,,
2011-05-01,2012-04-30,2010,000869,张裕A,,
2011-05-01,2012-04-30,2010,000895,双汇发展,,
2011-05-01,2012-04-30,2010,000999,华润三九,,
2011-05-01,2012-04-30,2010,002001,新和成,,
2011-05-01,2012-04-30,2010,002007,华兰生物,,
2011-05-01,2012-04-30,2010,002024,ST易购,,
2011-05-01,2012-04-30,2010,002032,苏泊尔,,
2011-05-01,2012-04-30,2010,002128,电投能源,,
2011-05-01,2012-04-30,2010,002153,石基信息,,
2011-05-01,2012-04-30,2010,002236,大华股份,,
2011-05-01,2012-04-30,2010,002262,恩华药业,,
2011-05-01,2012-04-30,2010,002304,洋河股份,,
2011-05-01,2012-04-30,2010,002415,海康威视,,
2011-05-01,2012-04-30,2010,300124,汇川技术,,
2011-05-01,2012-04-30,2010,600031,三一重工,,
2011-05-01,2012-04-30,2010,600036,招商银行,,
2011-05-01,2012-04-30,2010,600066,宇通客车,,
2011-05-01,2012-04-30,2010,600111,北方稀土,,
2011-05-01,2012-04-30,2010,600161,天坛生物,,
2011-05-01,2012-04-30,2010,600271,航天信息,,
2011-05-01,2012-04-30,2010,600276,恒瑞医药,,
2011-05-01,2012-04-30,2010,600298,安琪酵母,,
2011-05-01,2012-04-30,2010,600309,万华化学,,
2011-05-01,2012-04-30,2010,600315,上海家化,,
2011-05-01,2012-04-30,2010,600519,贵州茅台,,
2011-05-01,2012-04-30,2010,600570,恒生电子,,
2011-05-01,2012-04-30,2010,600585,海螺水泥,,
2011-05-01,2012-04-30,2010,600588,用友网络,,
2011-05-01,2012-04-30,2010,600600,青岛啤酒,,
2011-05-01,2012-04-30,2010,600660,福耀玻璃,,
2011-05-01,2012-04-30,2010,600750,华润江中,,
2011-05-01,2012-04-30,2010,600809,山西汾酒,,
2011-05-01,2012-04-30,2010,600900,长江电力,,
2011-05-01,2012-04-30,2010,600993,马应龙,,
2011-05-01,2012-04-30,2010,601088,中国神华,,
2011-05-01,2012-04-30,2010,601899,紫金矿业,,
2012-05-01,2013-04-30,2011,000157,中联重科,,
2012-05-01,2013-04-30,2011,000338,潍柴动力,,
2012-05-01,2013-04-30,2011,000423,东阿阿胶,,
2012-05-01,2013-04-30,2011,000538,云南白药,,
2012-05-01,2013-04-30,2011,000568,泸州老窖,,
2012-05-01,2013-04-30,2011,000651,格力电器,,
2012-05-01,2013-04-30,2011,000792,盐湖股份,,
2012-05-01,2013-04-30,2011,000858,五粮液,,
2012-05-01,2013-04-30,2011,000869,张裕A,,
2012-05-01,2013-04-30,2011,000895,双汇发展,,
2012-05-01,2013-04-30,2011,000999,华润三九,,
2012-05-01,2013-04-30,2011,002001,新和成,,
2012-05-01,2013-04-30,2011,002007,华兰生物,,
2012-05-01,2013-04-30,2011,002024,ST易购,,
2012-05-01,2013-04-30,2011,002032,苏泊尔,,
2012-05-01,2013-04-30,2011,002128,电投能源,,
2012-05-01,2013-04-30,2011,002152,广电运通,,
2012-05-01,2013-04-30,2011,002153,石基信息,,
2012-05-01,2013-04-30,2011,002236,大华股份,,
2012-05-01,2013-04-30,2011,002262,恩华药业,,
2012-05-01,2013-04-30,2011,002294,信立泰,,
2012-05-01,2013-04-30,2011,002304,洋河股份,,
2012-05-01,2013-04-30,2011,002410,广联达,,
2012-05-01,2013-04-30,2011,002415,海康威视,,
2012-05-01,2013-04-30,2011,300124,汇川技术,,
2012-05-01,2013-04-30,2011,600031,三一重工,,
2012-05-01,2013-04-30,2011,600036,招商银行,,
2012-05-01,2013-04-30,2011,600066,宇通客车,,
2012-05-01,2013-04-30,2011,600111,北方稀土,,
2012-05-01,2013-04-30,2011,600161,天坛生物,,
2012-05-01,2013-04-30,2011,600271,航天信息,,
2012-05-01,2013-04-30,2011,600276,恒瑞医药,,
2012-05-01,2013-04-30,2011,600298,安琪酵母,,
2012-05-01,2013-04-30,2011,600309,万华化学,,
2012-05-01,2013-04-30,2011,600315,上海家化,,
2012-05-01,2013-04-30,2011,600436,片仔癀,,
2012-05-01,2013-04-30,2011,600519,贵州茅台,,
2012-05-01,2013-04-30,2011,600570,恒生电子,,
2012-05-01,2013-04-30,2011,600585,海螺水泥,,
2012-05-01,2013-04-30,2011,600588,用友网络,,
2012-05-01,2013-04-30,2011,600600,青岛啤酒,,
2012-05-01,2013-04-30,2011,600660,福耀玻璃,,
2012-05-01,2013-04-30,2011,600750,华润江中,,
2012-05-01,2013-04-30,2011,600809,山西汾酒,,
2012-05-01,2013-04-30,2011,600887,伊利股份,,
2012-05-01,2013-04-30,2011,600900,长江电力,,
2012-05-01,2013-04-30,2011,600993,马应龙,,
2012-05-01,2013-04-30,2011,601088,中国神华,,
2012-05-01,2013-04-30,2011,601899,紫金矿业,,
2013-05-01,2014-04-30,2012,000423,东阿阿胶,,
2013-05-01,2014-04-30,2012,000538,云南白药,,
2013-05-01,2014-04-30,2012,000568,泸州老窖,,
2013-05-01,2014-04-30,2012,000651,格力电器,,
2013-05-01,2014-04-30,2012,000792,盐湖股份,,
2013-05-01,2014-04-30,2012,000858,五粮液,,
2013-05-01,2014-04-30,2012,000869,张裕A,,
2013-05-01,2014-04-30,2012,000895,双汇发展,,
2013-05-01,2014-04-30,2012,000999,华润三九,,
2013-05-01,2014-04-30,2012,002001,新和成,,
2013-05-01,2014-04-30,2012,002007,华兰生物,,
2013-05-01,2014-04-30,2012,002024,ST易购,,
2013-05-01,2014-04-30,2012,002032,苏泊尔,,
2013-05-01,2014-04-30,2012,002128,电投能源,,
2013-05-01,2014-04-30,2012,002152,广电运通,,
2013-05-01,2014-04-30,2012,002153,石基信息,,
2013-05-01,2014-04-30,2012,002236,大华股份,,
2013-05-01,2014-04-30,2012,002262,恩华药业,,
2013-05-01,2014-04-30,2012,002294,信立泰,,
2013-05-01,2014-04-30,2012,002304,洋河股份,,
2013-05-01,2014-04-30,2012,002410,广联达,,
2013-05-01,2014-04-30,2012,002415,海康威视,,
2013-05-01,2014-04-30,2012,002508,老板电器,,
2013-05-01,2014-04-30,2012,300124,汇川技术,,
2013-05-01,2014-04-30,2012,600036,招商银行,,
2013-05-01,2014-04-30,2012,600066,宇通客车,,
2013-05-01,2014-04-30,2012,600111,北方稀土,,
2013-05-01,2014-04-30,2012,600161,天坛生物,,
2013-05-01,2014-04-30,2012,600271,航天信息,,
2013-05-01,2014-04-30,2012,600276,恒瑞医药,,
2013-05-01,2014-04-30,2012,600298,安琪酵母,,
2013-05-01,2014-04-30,2012,600309,万华化学,,
2013-05-01,2014-04-30,2012,600315,上海家化,,
2013-05-01,2014-04-30,2012,600436,片仔癀,,
2013-05-01,2014-04-30,2012,600519,贵州茅台,,
2013-05-01,2014-04-30,2012,600570,恒生电子,,
2013-05-01,2014-04-30,2012,600585,海螺水泥,,
2013-05-01,2014-04-30,2012,600588,用友网络,,
2013-05-01,2014-04-30,2012,600600,青岛啤酒,,
2013-05-01,2014-04-30,2012,600660,福耀玻璃,,
2013-05-01,2014-04-30,2012,600750,华润江中,,
2013-05-01,2014-04-30,2012,600809,山西汾酒,,
2013-05-01,2014-04-30,2012,600887,伊利股份,,
2013-05-01,2014-04-30,2012,600900,长江电力,,
2013-05-01,2014-04-30,2012,600993,马应龙,,
2013-05-01,2014-04-30,2012,601088,中国神华,,
2013-05-01,2014-04-30,2012,601899,紫金矿业,,
2014-05-01,2015-04-30,2013,000333,美的集团,,
2014-05-01,2015-04-30,2013,000423,东阿阿胶,,
2014-05-01,2015-04-30,2013,000538,云南白药,,
2014-05-01,2015-04-30,2013,000568,泸州老窖,,
2014-05-01,2015-04-30,2013,000596,古井贡酒,,
2014-05-01,2015-04-30,2013,000651,格力电器,,
2014-05-01,2015-04-30,2013,000792,盐湖股份,,
2014-05-01,2015-04-30,2013,000858,五粮液,,
2014-05-01,2015-04-30,2013,000869,张裕A,,
2014-05-01,2015-04-30,2013,000895,双汇发展,,
2014-05-01,2015-04-30,2013,000999,华润三九,,
2014-05-01,2015-04-30,2013,002001,新和成,,
2014-05-01,2015-04-30,2013,002007,华兰生物,,
2014-05-01,2015-04-30,2013,002024,ST易购,,
2014-05-01,2015-04-30,2013,002032,苏泊尔,,
2014-05-01,2015-04-30,2013,002128,电投能源,,
2014-05-01,2015-04-30,2013,002152,广电运通,,
2014-05-01,2015-04-30,2013,002153,石基信息,,
2014-05-01,2015-04-30,2013,002236,大华股份,,
2014-05-01,2015-04-30,2013,002262,恩华药业,,
2014-05-01,2015-04-30,2013,002294,信立泰,,
2014-05-01,2015-04-30,2013,002304,洋河股份,,
2014-05-01,2015-04-30,2013,002372,伟星新材,,
2014-05-01,2015-04-30,2013,002410,广联达,,
2014-05-01,2015-04-30,2013,002415,海康威视,,
2014-05-01,2015-04-30,2013,002508,老板电器,,
2014-05-01,2015-04-30,2013,002690,美亚光电,,
2014-05-01,2015-04-30,2013,300124,汇川技术,,
2014-05-01,2015-04-30,2013,300146,汤臣倍健,,
2014-05-01,2015-04-30,2013,600036,招商银行,,
2014-05-01,2015-04-30,2013,600066,宇通客车,,
2014-05-01,2015-04-30,2013,600111,北方稀土,,
2014-05-01,2015-04-30,2013,600161,天坛生物,,
2014-05-01,2015-04-30,2013,600271,航天信息,,
2014-05-01,2015-04-30,2013,600276,恒瑞医药,,
2014-05-01,2015-04-30,2013,600298,安琪酵母,,
2014-05-01,2015-04-30,2013,600309,万华化学,,
2014-05-01,2015-04-30,2013,600315,上海家化,,
2014-05-01,2015-04-30,2013,600436,片仔癀,,
2014-05-01,2015-04-30,2013,600519,贵州茅台,,
2014-05-01,2015-04-30,2013,600570,恒生电子,,
2014-05-01,2015-04-30,2013,600585,海螺水泥,,
2014-05-01,2015-04-30,2013,600588,用友网络,,
2014-05-01,2015-04-30,2013,600600,青岛啤酒,,
2014-05-01,2015-04-30,2013,600660,福耀玻璃,,
2014-05-01,2015-04-30,2013,600750,华润江中,,
2014-05-01,2015-04-30,2013,600809,山西汾酒,,
2014-05-01,2015-04-30,2013,600885,宏发股份,,
2014-05-01,2015-04-30,2013,600887,伊利股份,,
2014-05-01,2015-04-30,2013,600900,长江电力,,
2014-05-01,2015-04-30,2013,600993,马应龙,,
2014-05-01,2015-04-30,2013,601088,中国神华,,
2014-05-01,2015-04-30,2013,601899,紫金矿业,,
2015-05-01,2016-04-30,2014,000333,美的集团,,
2015-05-01,2016-04-30,2014,000423,东阿阿胶,,
2015-05-01,2016-04-30,2014,000538,云南白药,,
2015-05-01,2016-04-30,2014,000568,泸州老窖,,
2015-05-01,2016-04-30,2014,000596,古井贡酒,,
2015-05-01,2016-04-30,2014,000651,格力电器,,
2015-05-01,2016-04-30,2014,000858,五粮液,,
2015-05-01,2016-04-30,2014,000869,张裕A,,
2015-05-01,2016-04-30,2014,000895,双汇发展,,
2015-05-01,2016-04-30,2014,000999,华润三九,,
2015-05-01,2016-04-30,2014,002001,新和成,,
2015-05-01,2016-04-30,2014,002007,华兰生物,,
2015-05-01,2016-04-30,2014,002024,ST易购,,
2015-05-01,2016-04-30,2014,002032,苏泊尔,,
2015-05-01,2016-04-30,2014,002128,电投能源,,
2015-05-01,2016-04-30,2014,002152,广电运通,,
2015-05-01,2016-04-30,2014,002153,石基信息,,
2015-05-01,2016-04-30,2014,002236,大华股份,,
2015-05-01,2016-04-30,2014,002262,恩华药业,,
2015-05-01,2016-04-30,2014,002294,信立泰,,
2015-05-01,2016-04-30,2014,002304,洋河股份,,
2015-05-01,2016-04-30,2014,002372,伟星新材,,
2015-05-01,2016-04-30,2014,002410,广联达,,
2015-05-01,2016-04-30,2014,002415,海康威视,,
2015-05-01,2016-04-30,2014,002508,老板电器,,
2015-05-01,2016-04-30,2014,002690,美亚光电,,
2015-05-01,2016-04-30,2014,300015,爱尔眼科,,
2015-05-01,2016-04-30,2014,300124,汇川技术,,
2015-05-01,2016-04-30,2014,300146,汤臣倍健,,
2015-05-01,2016-04-30,2014,300408,三环集团,,
2015-05-01,2016-04-30,2014,600036,招商银行,,
2015-05-01,2016-04-30,2014,600066,宇通客车,,
2015-05-01,2016-04-30,2014,600111,北方稀土,,
2015-05-01,2016-04-30,2014,600271,航天信息,,
2015-05-01,2016-04-30,2014,600276,恒瑞医药,,
2015-05-01,2016-04-30,2014,600298,安琪酵母,,
2015-05-01,2016-04-30,2014,600309,万华化学,,
2015-05-01,2016-04-30,2014,600315,上海家化,,
2015-05-01,2016-04-30,2014,600436,片仔癀,,
2015-05-01,2016-04-30,2014,600519,贵州茅台,,
2015-05-01,2016-04-30,2014,600570,恒生电子,,
2015-05-01,2016-04-30,2014,600585,海螺水泥,,
2015-05-01,2016-04-30,2014,600588,用友网络,,
2015-05-01,2016-04-30,2014,600600,青岛啤酒,,
2015-05-01,2016-04-30,2014,600660,福耀玻璃,,
2015-05-01,2016-04-30,2014,600750,华润江中,,
2015-05-01,2016-04-30,2014,600809,山西汾酒,,
2015-05-01,2016-04-30,2014,600885,宏发股份,,
2015-05-01,2016-04-30,2014,600887,伊利股份,,
2015-05-01,2016-04-30,2014,600900,长江电力,,
2015-05-01,2016-04-30,2014,600993,马应龙,,
2015-05-01,2016-04-30,2014,601088,中国神华,,
2015-05-01,2016-04-30,2014,601899,紫金矿业,,
2015-05-01,2016-04-30,2014,603288,海天味业,,
2016-05-01,2017-04-30,2015,000333,美的集团,,
2016-05-01,2017-04-30,2015,000423,东阿阿胶,,
2016-05-01,2017-04-30,2015,000538,云南白药,,
2016-05-01,2017-04-30,2015,000568,泸州老窖,,
2016-05-01,2017-04-30,2015,000596,古井贡酒,,
2016-05-01,2017-04-30,2015,000651,格力电器,,
2016-05-01,2017-04-30,2015,000661,长春高新,,
2016-05-01,2017-04-30,2015,000858,五粮液,,
2016-05-01,2017-04-30,2015,000895,双汇发展,,
2016-05-01,2017-04-30,2015,000999,华润三九,,
2016-05-01,2017-04-30,2015,002001,新和成,,
2016-05-01,2017-04-30,2015,002007,华兰生物,,
2016-05-01,2017-04-30,2015,002032,苏泊尔,,
2016-05-01,2017-04-30,2015,002128,电投能源,,
2016-05-01,2017-04-30,2015,002142,宁波银行,,
2016-05-01,2017-04-30,2015,002152,广电运通,,
2016-05-01,2017-04-30,2015,002153,石基信息,,
2016-05-01,2017-04-30,2015,002236,大华股份,,
2016-05-01,2017-04-30,2015,002262,恩华药业,,
2016-05-01,2017-04-30,2015,002294,信立泰,,
2016-05-01,2017-04-30,2015,002304,洋河股份,,
2016-05-01,2017-04-30,2015,002372,伟星新材,,
2016-05-01,2017-04-30,2015,002410,广联达,,
2016-05-01,2017-04-30,2015,002415,海康威视,,
2016-05-01,2017-04-30,2015,002508,老板电器,,
2016-05-01,2017-04-30,2015,002690,美亚光电,,
2016-05-01,2017-04-30,2015,300015,爱尔眼科,,
2016-05-01,2017-04-30,2015,300124,汇川技术,,
2016-05-01,2017-04-30,2015,300144,宋城演艺,,
2016-05-01,2017-04-30,2015,300146,汤臣倍健,,
2016-05-01,2017-04-30,2015,300408,三环集团,,
2016-05-01,2017-04-30,2015,600036,招商银行,,
2016-05-01,2017-04-30,2015,600066,宇通客车,,
2016-05-01,2017-04-30,2015,600111,北方稀土,,
2016-05-01,2017-04-30,2015,600276,恒瑞医药,,
2016-05-01,2017-04-30,2015,600298,安琪酵母,,
2016-05-01,2017-04-30,2015,600309,万华化学,,
2016-05-01,2017-04-30,2015,600315,上海家化,,
2016-05-01,2017-04-30,2015,600436,片仔癀,,
2016-05-01,2017-04-30,2015,600519,贵州茅台,,
2016-05-01,2017-04-30,2015,600570,恒生电子,,
2016-05-01,2017-04-30,2015,600600,青岛啤酒,,
2016-05-01,2017-04-30,2015,600660,福耀玻璃,,
2016-05-01,2017-04-30,2015,600690,海尔智家,,
2016-05-01,2017-04-30,2015,600809,山西汾酒,,
2016-05-01,2017-04-30,2015,600885,宏发股份,,
2016-05-01,2017-04-30,2015,600887,伊利股份,,
2016-05-01,2017-04-30,2015,600900,长江电力,,
2016-05-01,2017-04-30,2015,600993,马应龙,,
2016-05-01,2017-04-30,2015,601088,中国神华,,
2016-05-01,2017-04-30,2015,601899,紫金矿业,,
2016-05-01,2017-04-30,2015,603288,海天味业,,
2016-05-01,2017-04-30,2015,603806,福斯特,,
2016-05-01,2017-04-30,2015,603899,晨光股份,,
2017-05-01,2018-04-30,2016,000333,美的集团,,
2017-05-01,2018-04-30,2016,000423,东阿阿胶,,
2017-05-01,2018-04-30,2016,000538,云南白药,,
2017-05-01,2018-04-30,2016,000568,泸州老窖,,
2017-05-01,2018-04-30,2016,000596,古井贡酒,,
2017-05-01,2018-04-30,2016,000651,格力电器,,
2017-05-01,2018-04-30,2016,000661,长春高新,,
2017-05-01,2018-04-30,2016,000786,北新建材,,
2017-05-01,2018-04-30,2016,000858,五粮液,,
2017-05-01,2018-04-30,2016,000895,双汇发展,,
2017-05-01,2018-04-30,2016,000999,华润三九,,
2017-05-01,2018-04-30,2016,002001,新和成,,
2017-05-01,2018-04-30,2016,002007,华兰生物,,
2017-05-01,2018-04-30,2016,002027,分众传媒,,
2017-05-01,2018-04-30,2016,002032,苏泊尔,,
2017-05-01,2018-04-30,2016,002128,电投能源,,
2017-05-01,2018-04-30,2016,002142,宁波银行,,
2017-05-01,2018-04-30,2016,002152,广电运通,,
2017-05-01,2018-04-30,2016,002153,石基信息,,
2017-05-01,2018-04-30,2016,002236,大华股份,,
2017-05-01,2018-04-30,2016,002262,恩华药业,,
2017-05-01,2018-04-30,2016,002294,信立泰,,
2017-05-01,2018-04-30,2016,002304,洋河股份,,
2017-05-01,2018-04-30,2016,002372,伟星新材,,
2017-05-01,2018-04-30,2016,002410,广联达,,
2017-05-01,2018-04-30,2016,002415,海康威视,,
2017-05-01,2018-04-30,2016,002466,天齐锂业,,
2017-05-01,2018-04-30,2016,002508,老板电器,,
2017-05-01,2018-04-30,2016,002607,中公教育,,
2017-05-01,2018-04-30,2016,002690,美亚光电,,
2017-05-01,2018-04-30,2016,300015,爱尔眼科,,
2017-05-01,2018-04-30,2016,300033,同花顺,,
2017-05-01,2018-04-30,2016,300059,东方财富,,
2017-05-01,2018-04-30,2016,300124,汇川技术,,
2017-05-01,2018-04-30,2016,300144,宋城演艺,,
2017-05-01,2018-04-30,2016,300146,汤臣倍健,,
2017-05-01,2018-04-30,2016,300408,三环集团,,
2017-05-01,2018-04-30,2016,600036,招商银行,,
2017-05-01,2018-04-30,2016,600066,宇通客车,,
2017-05-01,2018-04-30,2016,600111,北方稀土,,
2017-05-01,2018-04-30,2016,600176,中国巨石,,
2017-05-01,2018-04-30,2016,600276,恒瑞医药,,
2017-05-01,2018-04-30,2016,600298,安琪酵母,,
2017-05-01,2018-04-30,2016,600309,万华化学,,
2017-05-01,2018-04-30,2016,600436,片仔癀,,
2017-05-01,2018-04-30,2016,600519,贵州茅台,,
2017-05-01,2018-04-30,2016,600570,恒生电子,,
2017-05-01,2018-04-30,2016,600600,青岛啤酒,,
2017-05-01,2018-04-30,2016,600660,福耀玻璃,,
2017-05-01,2018-04-30,2016,600690,海尔智家,,
2017-05-01,2018-04-30,2016,600809,山西汾酒,,
2017-05-01,2018-04-30,2016,600885,宏发股份,,
2017-05-01,2018-04-30,2016,600887,伊利股份,,
2017-05-01,2018-04-30,2016,600900,长江电力,,
2017-05-01,2018-04-30,2016,601088,中国神华,,
2017-05-01,2018-04-30,2016,601899,紫金矿业,,
2017-05-01,2018-04-30,2016,603288,海天味业,,
2017-05-01,2018-04-30,2016,603806,福斯特,,
2017-05-01,2018-04-30,2016,603868,飞科电器,,
2017-05-01,2018-04-30,2016,603899,晨光股份,,
2018-05-01,2019-04-30,2017,000333,美的集团,,
2018-05-01,2019-04-30,2017,000423,东阿阿胶,,
2018-05-01,2019-04-30,2017,000538,云南白药,,
2018-05-01,2019-04-30,2017,000568,泸州老窖,,
2018-05-01,2019-04-30,2017,000596,古井贡酒,,
2018-05-01,2019-04-30,2017,000651,格力电器,,
2018-05-01,2019-04-30,2017,000661,长春高新,,
2018-05-01,2019-04-30,2017,000786,北新建材,,
2018-05-01,2019-04-30,2017,000858,五粮液,,
2018-05-01,2019-04-30,2017,000895,双汇发展,,
2018-05-01,2019-04-30,2017,000999,华润三九,,
2018-05-01,2019-04-30,2017,002001,新和成,,
2018-05-01,2019-04-30,2017,002007,华兰生物,,
2018-05-01,2019-04-30,2017,002027,分众传媒,,
2018-05-01,2019-04-30,2017,002032,苏泊尔,,
2018-05-01,2019-04-30,2017,002128,电投能源,,
2018-05-01,2019-04-30,2017,002142,宁波银行,,
2018-05-01,2019-04-30,2017,002153,石基信息,,
2018-05-01,2019-04-30,2017,002236,大华股份,,
2018-05-01,2019-04-30,2017,002262,恩华药业,,
2018-05-01,2019-04-30,2017,002287,奇正藏药,,
2018-05-01,2019-04-30,2017,002294,信立泰,,
2018-05-01,2019-04-30,2017,002304,洋河股份,,
2018-05-01,2019-04-30,2017,002352,顺丰控股,,
2018-05-01,2019-04-30,2017,002372,伟星新材,,
2018-05-01,2019-04-30,2017,002410,广联达,,
2018-05-01,2019-04-30,2017,002415,海康威视,,
2018-05-01,2019-04-30,2017,002466,天齐锂业,,
2018-05-01,2019-04-30,2017,002507,涪陵榨菜,,
2018-05-01,2019-04-30,2017,002508,老板电器,,
2018-05-01,2019-04-30,2017,002607,中公教育,,
2018-05-01,2019-04-30,2017,002690,美亚光电,,
2018-05-01,2019-04-30,2017,300015,爱尔眼科,,
2018-05-01,2019-04-30,2017,300033,同花顺,,
2018-05-01,2019-04-30,2017,300059,东方财富,,
2018-05-01,2019-04-30,2017,300124,汇川技术,,
2018-05-01,2019-04-30,2017,300144,宋城演艺,,
2018-05-01,2019-04-30,2017,300146,汤臣倍健,,
2018-05-01,2019-04-30,2017,300408,三环集团,,
2018-05-01,2019-04-30,2017,300529,健帆生物,,
2018-05-01,2019-04-30,2017,600036,招商银行,,
2018-05-01,2019-04-30,2017,600066,宇通客车,,
2018-05-01,2019-04-30,2017,600111,北方稀土,,
2018-05-01,2019-04-30,2017,600176,中国巨石,,
2018-05-01,2019-04-30,2017,600276,恒瑞医药,,
2018-05-01,2019-04-30,2017,600298,安琪酵母,,
2018-05-01,2019-04-30,2017,600309,万华化学,,
2018-05-01,2019-04-30,2017,600436,片仔癀,,
2018-05-01,2019-04-30,2017,600519,贵州茅台,,
2018-05-01,2019-04-30,2017,600570,恒生电子,,
2018-05-01,2019-04-30,2017,600600,青岛啤酒,,
2018-05-01,2019-04-30,2017,600660,福耀玻璃,,
2018-05-01,2019-04-30,2017,600690,海尔智家,,
2018-05-01,2019-04-30,2017,600809,山西汾酒,,
2018-05-01,2019-04-30,2017,600862,中航高科,,
2018-05-01,2019-04-30,2017,600885,宏发股份,,
2018-05-01,2019-04-30,2017,600887,伊利股份,,
2018-05-01,2019-04-30,2017,600900,长江电力,,
2018-05-01,2019-04-30,2017,601088,中国神华,,
2018-05-01,2019-04-30,2017,601899,紫金矿业,,
2018-05-01,2019-04-30,2017,603160,汇顶科技,,
2018-05-01,2019-04-30,2017,603288,海天味业,,
2018-05-01,2019-04-30,2017,603806,福斯特,,
2018-05-01,2019-04-30,2017,603868,飞科电器,,
2018-05-01,2019-04-30,2017,603899,晨光股份,,
2019-05-01,2020-04-30,2018,000333,美的集团,,
2019-05-01,2020-04-30,2018,000423,东阿阿胶,,
2019-05-01,2020-04-30,2018,000538,云南白药,,
2019-05-01,2020-04-30,2018,000568,泸州老窖,,
2019-05-01,2020-04-30,2018,000596,古井贡酒,,
2019-05-01,2020-04-30,2018,000651,格力电器,,
2019-05-01,2020-04-30,2018,000661,长春高新,,
2019-05-01,2020-04-30,2018,000786,北新建材,,
2019-05-01,2020-04-30,2018,000858,五粮液,,
2019-05-01,2020-04-30,2018,000895,双汇发展,,
2019-05-01,2020-04-30,2018,000999,华润三九,,
2019-05-01,2020-04-30,2018,002001,新和成,,
2019-05-01,2020-04-30,2018,002007,华兰生物,,
2019-05-01,2020-04-30,2018,002027,分众传媒,,
2019-05-01,2020-04-30,2018,002032,苏泊尔,,
2019-05-01,2020-04-30,2018,002050,三花智控,,
2019-05-01,2020-04-30,2018,002128,电投能源,,
2019-05-01,2020-04-30,2018,002142,宁波银行,,
2019-05-01,2020-04-30,2018,002153,石基信息,,
2019-05-01,2020-04-30,2018,002179,中航光电,,
2019-05-01,2020-04-30,2018,002236,大华股份,,
2019-05-01,2020-04-30,2018,002262,恩华药业,,
2019-05-01,2020-04-30,2018,002287,奇正藏药,,
2019-05-01,2020-04-30,2018,002294,信立泰,,
2019-05-01,2020-04-30,2018,002304,洋河股份,,
2019-05-01,2020-04-30,2018,002352,顺丰控股,,
2019-05-01,2020-04-30,2018,002372,伟星新材,,
2019-05-01,2020-04-30,2018,002410,广联达,,
2019-05-01,2020-04-30,2018,002415,海康威视,,
2019-05-01,2020-04-30,2018,002430,杭氧股份,,
2019-05-01,2020-04-30,2018,002460,赣锋锂业,,
2019-05-01,2020-04-30,2018,002466,天齐锂业,,
2019-05-01,2020-04-30,2018,002507,涪陵榨菜,,
2019-05-01,2020-04-30,2018,002508,老板电器,,
2019-05-01,2020-04-30,2018,002607,中公教育,,
2019-05-01,2020-04-30,2018,002690,美亚光电,,
2019-05-01,2020-04-30,2018,300015,爱尔眼科,,
2019-05-01,2020-04-30,2018,300033,同花顺,,
2019-05-01,2020-04-30,2018,300059,东方财富,,
2019-05-01,2020-04-30,2018,300124,汇川技术,,
2019-05-01,2020-04-30,2018,300144,宋城演艺,,
2019-05-01,2020-04-30,2018,300146,汤臣倍健,,
2019-05-01,2020-04-30,2018,300408,三环集团,,
2019-05-01,2020-04-30,2018,300529,健帆生物,,
2019-05-01,2020-04-30,2018,300628,亿联网络,,
2019-05-01,2020-04-30,2018,300699,光威复材,,
2019-05-01,2020-04-30,2018,600036,招商银行,,
2019-05-01,2020-04-30,2018,600066,宇通客车,,
2019-05-01,2020-04-30,2018,600111,北方稀土,,
2019-05-01,2020-04-30,2018,600161,天坛生物,,
2019-05-01,2020-04-30,2018,600176,中国巨石,,
2019-05-01,2020-04-30,2018,600276,恒瑞医药,,
2019-05-01,2020-04-30,2018,600298,安琪酵母,,
2019-05-01,2020-04-30,2018,600309,万华化学,,
2019-05-01,2020-04-30,2018,600426,华鲁恒升,,
2019-05-01,2020-04-30,2018,600436,片仔癀,,
2019-05-01,2020-04-30,2018,600519,贵州茅台,,
2019-05-01,2020-04-30,2018,600570,恒生电子,,
2019-05-01,2020-04-30,2018,600600,青岛啤酒,,
2019-05-01,2020-04-30,2018,600660,福耀玻璃,,
2019-05-01,2020-04-30,2018,600690,海尔智家,,
2019-05-01,2020-04-30,2018,600809,山西汾酒,,
2019-05-01,2020-04-30,2018,600862,中航高科,,
2019-05-01,2020-04-30,2018,600885,宏发股份,,
2019-05-01,2020-04-30,2018,600887,伊利股份,,
2019-05-01,2020-04-30,2018,600900,长江电力,,
2019-05-01,2020-04-30,2018,601088,中国神华,,
2019-05-01,2020-04-30,2018,601899,紫金矿业,,
2019-05-01,2020-04-30,2018,603160,汇顶科技,,
2019-05-01,2020-04-30,2018,603288,海天味业,,
2019-05-01,2020-04-30,2018,603806,福斯特,,
2019-05-01,2020-04-30,2018,603868,飞科电器,,
2019-05-01,2020-04-30,2018,603899,晨光股份,,
2019-05-01,2020-04-30,2018,603993,洛阳钼业,,
2020-05-01,2021-04-30,2019,000333,美的集团,,
2020-05-01,2021-04-30,2019,000538,云南白药,,
2020-05-01,2021-04-30,2019,000568,泸州老窖,,
2020-05-01,2021-04-30,2019,000596,古井贡酒,,
2020-05-01,2021-04-30,2019,000651,格力电器,,
2020-05-01,2021-04-30,2019,000661,长春高新,,
2020-05-01,2021-04-30,2019,000725,京东方A,,
2020-05-01,2021-04-30,2019,000786,北新建材,,
2020-05-01,2021-04-30,2019,000858,五粮液,,
2020-05-01,2021-04-30,2019,000895,双汇发展,,
2020-05-01,2021-04-30,2019,000999,华润三九,,
2020-05-01,2021-04-30,2019,002001,新和成,,
2020-05-01,2021-04-30,2019,002007,华兰生物,,
2020-05-01,2021-04-30,2019,002027,分众传媒,,
2020-05-01,2021-04-30,2019,002032,苏泊尔,,
2020-05-01,2021-04-30,2019,002049,紫光国微,,
2020-05-01,2021-04-30,2019,002050,三花智控,,
2020-05-01,2021-04-30,2019,002128,电投能源,,
2020-05-01,2021-04-30,2019,002142,宁波银行,,
2020-05-01,2021-04-30,2019,002153,石基信息,,
2020-05-01,2021-04-30,2019,002179,中航光电,,
2020-05-01,2021-04-30,2019,002236,大华股份,,
2020-05-01,2021-04-30,2019,002262,恩华药业,,
2020-05-01,2021-04-30,2019,002287,奇正藏药,,
2020-05-01,2021-04-30,2019,002304,洋河股份,,
2020-05-01,2021-04-30,2019,002352,顺丰控股,,
2020-05-01,2021-04-30,2019,002372,伟星新材,,
2020-05-01,2021-04-30,2019,002410,广联达,,
2020-05-01,2021-04-30,2019,002415,海康威视,,
2020-05-01,2021-04-30,2019,002430,杭氧股份,,
2020-05-01,2021-04-30,2019,002460,赣锋锂业,,
2020-05-01,2021-04-30,2019,002466,天齐锂业,,
2020-05-01,2021-04-30,2019,002507,涪陵榨菜,,
2020-05-01,2021-04-30,2019,002508,老板电器,,
2020-05-01,2021-04-30,2019,002607,中公教育,,
2020-05-01,2021-04-30,2019,002690,美亚光电,,
2020-05-01,2021-04-30,2019,002714,牧原股份,,
2020-05-01,2021-04-30,2019,300012,华测检测,,
2020-05-01,2021-04-30,2019,300015,爱尔眼科,,
2020-05-01,2021-04-30,2019,300033,同花顺,,
2020-05-01,2021-04-30,2019,300059,东方财富,,
2020-05-01,2021-04-30,2019,300124,汇川技术,,
2020-05-01,2021-04-30,2019,300144,宋城演艺,,
2020-05-01,2021-04-30,2019,300357,我武生物,,
2020-05-01,2021-04-30,2019,300408,三环集团,,
2020-05-01,2021-04-30,2019,300529,健帆生物,,
2020-05-01,2021-04-30,2019,300628,亿联网络,,
2020-05-01,2021-04-30,2019,300699,光威复材,,
2020-05-01,2021-04-30,2019,300750,宁德时代,,
2020-05-01,2021-04-30,2019,300760,迈瑞医疗,,
2020-05-01,2021-04-30,2019,600036,招商银行,,
2020-05-01,2021-04-30,2019,600066,宇通客车,,
2020-05-01,2021-04-30,2019,600111,北方稀土,,
2020-05-01,2021-04-30,2019,600161,天坛生物,,
2020-05-01,2021-04-30,2019,600176,中国巨石,,
2020-05-01,2021-04-30,2019,600276,恒瑞医药,,
2020-05-01,2021-04-30,2019,600298,安琪酵母,,
2020-05-01,2021-04-30,2019,600309,万华化学,,
2020-05-01,2021-04-30,2019,600426,华鲁恒升,,
2020-05-01,2021-04-30,2019,600436,片仔癀,,
2020-05-01,2021-04-30,2019,600519,贵州茅台,,
2020-05-01,2021-04-30,2019,600570,恒生电子,,
2020-05-01,2021-04-30,2019,600600,青岛啤酒,,
2020-05-01,2021-04-30,2019,600660,福耀玻璃,,
2020-05-01,2021-04-30,2019,600690,海尔智家,,
2020-05-01,2021-04-30,2019,600809,山西汾酒,,
2020-05-01,2021-04-30,2019,600862,中航高科,,
2020-05-01,2021-04-30,2019,600885,宏发股份,,
2020-05-01,2021-04-30,2019,600887,伊利股份,,
2020-05-01,2021-04-30,2019,600900,长江电力,,
2020-05-01,2021-04-30,2019,601088,中国神华,,
2020-05-01,2021-04-30,2019,601100,恒立液压,,
2020-05-01,2021-04-30,2019,601888,中国中免,,
2020-05-01,2021-04-30,2019,601899,紫金矿业,,
2020-05-01,2021-04-30,2019,603160,汇顶科技,,
2020-05-01,2021-04-30,2019,603259,药明康德,,
2020-05-01,2021-04-30,2019,603288,海天味业,,
2020-05-01,2021-04-30,2019,603806,福斯特,,
2020-05-01,2021-04-30,2019,603868,飞科电器,,
2020-05-01,2021-04-30,2019,603899,晨光股份,,
2020-05-01,2021-04-30,2019,603993,洛阳钼业,,
2021-05-01,2022-04-30,2020,000333,美的集团,,
2021-05-01,2022-04-30,2020,000538,云南白药,,
2021-05-01,2022-04-30,2020,000568,泸州老窖,,
2021-05-01,2022-04-30,2020,000596,古井贡酒,,
2021-05-01,2022-04-30,2020,000651,格力电器,,
2021-05-01,2022-04-30,2020,000661,长春高新,,
2021-05-01,2022-04-30,2020,000725,京东方A,,
2021-05-01,2022-04-30,2020,000786,北新建材,,
2021-05-01,2022-04-30,2020,000858,五粮液,,
2021-05-01,2022-04-30,2020,000895,双汇发展,,
2021-05-01,2022-04-30,2020,000999,华润三九,,
2021-05-01,2022-04-30,2020,002001,新和成,,
2021-05-01,2022-04-30,2020,002007,华兰生物,,
2021-05-01,2022-04-30,2020,002027,分众传媒,,
2021-05-01,2022-04-30,2020,002032,苏泊尔,,
2021-05-01,2022-04-30,2020,002049,紫光国微,,
2021-05-01,2022-04-30,2020,002050,三花智控,,
2021-05-01,2022-04-30,2020,002128,电投能源,,
2021-05-01,2022-04-30,2020,002142,宁波银行,,
2021-05-01,2022-04-30,2020,002153,石基信息,,
2021-05-01,2022-04-30,2020,002179,中航光电,,
2021-05-01,2022-04-30,2020,002236,大华股份,,
2021-05-01,2022-04-30,2020,002262,恩华药业,,
2021-05-01,2022-04-30,2020,002287,奇正藏药,,
2021-05-01,2022-04-30,2020,002304,洋河股份,,
2021-05-01,2022-04-30,2020,002352,顺丰控股,,
2021-05-01,2022-04-30,2020,002371,北方华创,,
2021-05-01,2022-04-30,2020,002372,伟星新材,,
2021-05-01,2022-04-30,2020,002410,广联达,,
2021-05-01,2022-04-30,2020,002414,高德红外,,
2021-05-01,2022-04-30,2020,002415,海康威视,,
2021-05-01,2022-04-30,2020,002430,杭氧股份,,
2021-05-01,2022-04-30,2020,002460,赣锋锂业,,
2021-05-01,2022-04-30,2020,002466,天齐锂业,,
2021-05-01,2022-04-30,2020,002507,涪陵榨菜,,
2021-05-01,2022-04-30,2020,002508,老板电器,,
2021-05-01,2022-04-30,2020,002607,中公教育,,
2021-05-01,2022-04-30,2020,002690,美亚光电,,
2021-05-01,2022-04-30,2020,002714,牧原股份,,
2021-05-01,2022-04-30,2020,002812,恩捷股份,,
2021-05-01,2022-04-30,2020,300012,华测检测,,
2021-05-01,2022-04-30,2020,300015,爱尔眼科,,
2021-05-01,2022-04-30,2020,300033,同花顺,,
2021-05-01,2022-04-30,2020,300059,东方财富,,
2021-05-01,2022-04-30,2020,300124,汇川技术,,
2021-05-01,2022-04-30,2020,300357,我武生物,,
2021-05-01,2022-04-30,2020,300395,菲利华,,
2021-05-01,2022-04-30,2020,300408,三环集团,,
2021-05-01,2022-04-30,2020,300529,健帆生物,,
2021-05-01,2022-04-30,2020,300628,亿联网络,,
2021-05-01,2022-04-30,2020,300699,光威复材,,
2021-05-01,2022-04-30,2020,300750,宁德时代,,
2021-05-01,2022-04-30,2020,300760,迈瑞医疗,,
2021-05-01,2022-04-30,2020,600036,招商银行,,
2021-05-01,2022-04-30,2020,600066,宇通客车,,
2021-05-01,2022-04-30,2020,600111,北方稀土,,
2021-05-01,2022-04-30,2020,600132,重庆啤酒,,
2021-05-01,2022-04-30,2020,600161,天坛生物,,
2021-05-01,2022-04-30,2020,600176,中国巨石,,
2021-05-01,2022-04-30,2020,600276,恒瑞医药,,
2021-05-01,2022-04-30,2020,600298,安琪酵母,,
2021-05-01,2022-04-30,2020,600309,万华化学,,
2021-05-01,2022-04-30,2020,600415,小商品城,,
2021-05-01,2022-04-30,2020,600426,华鲁恒升,,
2021-05-01,2022-04-30,2020,600436,片仔癀,,
2021-05-01,2022-04-30,2020,600519,贵州茅台,,
2021-05-01,2022-04-30,2020,600570,恒生电子,,
2021-05-01,2022-04-30,2020,600600,青岛啤酒,,
2021-05-01,2022-04-30,2020,600660,福耀玻璃,,
2021-05-01,2022-04-30,2020,600690,海尔智家,,
2021-05-01,2022-04-30,2020,600809,山西汾酒,,
2021-05-01,2022-04-30,2020,600862,中航高科,,
2021-05-01,2022-04-30,2020,600885,宏发股份,,
2021-05-01,2022-04-30,2020,600887,伊利股份,,
2021-05-01,2022-04-30,2020,600900,长江电力,,
2021-05-01,2022-04-30,2020,601088,中国神华,,
2021-05-01,2022-04-30,2020,601100,恒立液压,,
2021-05-01,2022-04-30,2020,601888,中国中免,,
2021-05-01,2022-04-30,2020,601899,紫金矿业,,
2021-05-01,2022-04-30,2020,603160,汇顶科技,,
2021-05-01,2022-04-30,2020,603195,公牛集团,,
2021-05-01,2022-04-30,2020,603259,药明康德,,
2021-05-01,2022-04-30,2020,603288,海天味业,,
2021-05-01,2022-04-30,2020,603505,金石资源,,
2021-05-01,2022-04-30,2020,603806,福斯特,,
2021-05-01,2022-04-30,2020,603868,飞科电器,,
2021-05-01,2022-04-30,2020,603899,晨光股份,,
2021-05-01,2022-04-30,2020,603993,洛阳钼业,,
2021-05-01,2022-04-30,2020,688008,澜起科技,,
2021-05-01,2022-04-30,2020,688111,金山办公,,
2022-05-01,2023-04-30,2021,000333,美的集团,,
2022-05-01,2023-04-30,2021,000538,云南白药,,
2022-05-01,2023-04-30,2021,000568,泸州老窖,,
2022-05-01,2023-04-30,2021,000596,古井贡酒,,
2022-05-01,2023-04-30,2021,000651,格力电器,,
2022-05-01,2023-04-30,2021,000661,长春高新,,
2022-05-01,2023-04-30,2021,000725,京东方A,,
2022-05-01,2023-04-30,2021,000733,振华科技,,
2022-05-01,2023-04-30,2021,000786,北新建材,,
2022-05-01,2023-04-30,2021,000858,五粮液,,
2022-05-01,2023-04-30,2021,000895,双汇发展,,
2022-05-01,2023-04-30,2021,000999,华润三九,,
2022-05-01,2023-04-30,2021,002001,新和成,,
2022-05-01,2023-04-30,2021,002007,华兰生物,,
2022-05-01,2023-04-30,2021,002027,分众传媒,,
2022-05-01,2023-04-30,2021,002032,苏泊尔,,
2022-05-01,2023-04-30,2021,002049,紫光国微,,
2022-05-01,2023-04-30,2021,002050,三花智控,,
2022-05-01,2023-04-30,2021,002128,电投能源,,
2022-05-01,2023-04-30,2021,002142,宁波银行,,
2022-05-01,2023-04-30,2021,002153,石基信息,,
2022-05-01,2023-04-30,2021,002179,中航光电,,
2022-05-01,2023-04-30,2021,002222,福晶科技,,
2022-05-01,2023-04-30,2021,002236,大华股份,,
2022-05-01,2023-04-30,2021,002262,恩华药业,,
2022-05-01,2023-04-30,2021,002287,奇正藏药,,
2022-05-01,2023-04-30,2021,002304,洋河股份,,
2022-05-01,2023-04-30,2021,002311,海大集团,,
2022-05-01,2023-04-30,2021,002352,顺丰控股,,
2022-05-01,2023-04-30,2021,002371,北方华创,,
2022-05-01,2023-04-30,2021,002372,伟星新材,,
2022-05-01,2023-04-30,2021,002410,广联达,,
2022-05-01,2023-04-30,2021,002414,高德红外,,
2022-05-01,2023-04-30,2021,002415,海康威视,,
2022-05-01,2023-04-30,2021,002430,杭氧股份,,
2022-05-01,2023-04-30,2021,002460,赣锋锂业,,
2022-05-01,2023-04-30,2021,002466,天齐锂业,,
2022-05-01,2023-04-30,2021,002475,立讯精密,,
2022-05-01,2023-04-30,2021,002507,涪陵榨菜,,
2022-05-01,2023-04-30,2021,002508,老板电器,,
2022-05-01,2023-04-30,2021,002594,比亚迪,,
2022-05-01,2023-04-30,2021,002690,美亚光电,,
2022-05-01,2023-04-30,2021,002714,牧原股份,,
2022-05-01,2023-04-30,2021,002812,恩捷股份,,
2022-05-01,2023-04-30,2021,002920,德赛西威,,
2022-05-01,2023-04-30,2021,300012,华测检测,,
2022-05-01,2023-04-30,2021,300015,爱尔眼科,,
2022-05-01,2023-04-30,2021,300033,同花顺,,
2022-05-01,2023-04-30,2021,300059,东方财富,,
2022-05-01,2023-04-30,2021,300124,汇川技术,,
2022-05-01,2023-04-30,2021,300357,我武生物,,
2022-05-01,2023-04-30,2021,300395,菲利华,,
2022-05-01,2023-04-30,2021,300408,三环集团,,
2022-05-01,2023-04-30,2021,300529,健帆生物,,
2022-05-01,2023-04-30,2021,300628,亿联网络,,
2022-05-01,2023-04-30,2021,300699,光威复材,,
2022-05-01,2023-04-30,2021,300750,宁德时代,,
2022-05-01,2023-04-30,2021,300760,迈瑞医疗,,
2022-05-01,2023-04-30,2021,300896,爱美客,,
2022-05-01,2023-04-30,2021,600036,招商银行,,
2022-05-01,2023-04-30,2021,600066,宇通客车,,
2022-05-01,2023-04-30,2021,600111,北方稀土,,
2022-05-01,2023-04-30,2021,600132,重庆啤酒,,
2022-05-01,2023-04-30,2021,600161,天坛生物,,
2022-05-01,2023-04-30,2021,600176,中国巨石,,
2022-05-01,2023-04-30,2021,600276,恒瑞医药,,
2022-05-01,2023-04-30,2021,600298,安琪酵母,,
2022-05-01,2023-04-30,2021,600309,万华化学,,
2022-05-01,2023-04-30,2021,600415,小商品城,,
2022-05-01,2023-04-30,2021,600426,华鲁恒升,,
2022-05-01,2023-04-30,2021,600436,片仔癀,,
2022-05-01,2023-04-30,2021,600519,贵州茅台,,
2022-05-01,2023-04-30,2021,600570,恒生电子,,
2022-05-01,2023-04-30,2021,600600,青岛啤酒,,
2022-05-01,2023-04-30,2021,600660,福耀玻璃,,
2022-05-01,2023-04-30,2021,600690,海尔智家,,
2022-05-01,2023-04-30,2021,600809,山西汾酒,,
2022-05-01,2023-04-30,2021,600862,中航高科,,
2022-05-01,2023-04-30,2021,600885,宏发股份,,
2022-05-01,2023-04-30,2021,600887,伊利股份,,
2022-05-01,2023-04-30,2021,600900,长江电力,,
2022-05-01,2023-04-30,2021,601088,中国神华,,
2022-05-01,2023-04-30,2021,601100,恒立液压,,
2022-05-01,2023-04-30,2021,601888,中国中免,,
2022-05-01,2023-04-30,2021,601899,紫金矿业,,
2022-05-01,2023-04-30,2021,603195,公牛集团,,
2022-05-01,2023-04-30,2021,603259,药明康德,,
2022-05-01,2023-04-30,2021,603288,海天味业,,
2022-05-01,2023-04-30,2021,603501,豪威集团,,
2022-05-01,2023-04-30,2021,603505,金石资源,,
2022-05-01,2023-04-30,2021,603806,福斯特,,
2022-05-01,2023-04-30,2021,603868,飞科电器,,
2022-05-01,2023-04-30,2021,603899,晨光股份,,
2022-05-01,2023-04-30,2021,603993,洛阳钼业,,
2022-05-01,2023-04-30,2021,688008,澜起科技,,
2022-05-01,2023-04-30,2021,688111,金山办公,,
2022-05-01,2023-04-30,2021,688188,柏楚电子,,
2022-05-01,2023-04-30,2021,688278,特宝生物,,
2022-05-01,2023-04-30,2021,688981,中芯国际,,
2023-05-01,2024-04-30,2022,000333,美的集团,,
2023-05-01,2024-04-30,2022,000538,云南白药,,
2023-05-01,2024-04-30,2022,000568,泸州老窖,,
2023-05-01,2024-04-30,2022,000596,古井贡酒,,
2023-05-01,2024-04-30,2022,000651,格力电器,,
2023-05-01,2024-04-30,2022,000661,长春高新,,
2023-05-01,2024-04-30,2022,000725,京东方A,,
2023-05-01,2024-04-30,2022,000733,振华科技,,
2023-05-01,2024-04-30,2022,000786,北新建材,,
2023-05-01,2024-04-30,2022,000858,五粮液,,
2023-05-01,2024-04-30,2022,000895,双汇发展,,
2023-05-01,2024-04-30,2022,000999,华润三九,,
2023-05-01,2024-04-30,2022,002001,新和成,,
2023-05-01,2024-04-30,2022,002007,华兰生物,,
2023-05-01,2024-04-30,2022,002027,分众传媒,,
2023-05-01,2024-04-30,2022,002032,苏泊尔,,
2023-05-01,2024-04-30,2022,002049,紫光国微,,
2023-05-01,2024-04-30,2022,002050,三花智控,,
2023-05-01,2024-04-30,2022,002128,电投能源,,
2023-05-01,2024-04-30,2022,002142,宁波银行,,
2023-05-01,2024-04-30,2022,002153,石基信息,,
2023-05-01,2024-04-30,2022,002179,中航光电,,
2023-05-01,2024-04-30,2022,002222,福晶科技,,
2023-05-01,2024-04-30,2022,002236,大华股份,,
2023-05-01,2024-04-30,2022,002262,恩华药业,,
2023-05-01,2024-04-30,2022,002287,奇正藏药,,
2023-05-01,2024-04-30,2022,002304,洋河股份,,
2023-05-01,2024-04-30,2022,002311,海大集团,,
2023-05-01,2024-04-30,2022,002352,顺丰控股,,
2023-05-01,2024-04-30,2022,002371,北方华创,,
2023-05-01,2024-04-30,2022,002372,伟星新材,,
2023-05-01,2024-04-30,2022,002410,广联达,,
2023-05-01,2024-04-30,2022,002414,高德红外,,
2023-05-01,2024-04-30,2022,002415,海康威视,,
2023-05-01,2024-04-30,2022,002430,杭氧股份,,
2023-05-01,2024-04-30,2022,002460,赣锋锂业,,
2023-05-01,2024-04-30,2022,002466,天齐锂业,,
2023-05-01,2024-04-30,2022,002475,立讯精密,,
2023-05-01,2024-04-30,2022,002507,涪陵榨菜,,
2023-05-01,2024-04-30,2022,002532,天山铝业,,
2023-05-01,2024-04-30,2022,002594,比亚迪,,
2023-05-01,2024-04-30,2022,002690,美亚光电,,
2023-05-01,2024-04-30,2022,002714,牧原股份,,
2023-05-01,2024-04-30,2022,002738,中矿资源,,
2023-05-01,2024-04-30,2022,002812,恩捷股份,,
2023-05-01,2024-04-30,2022,002920,德赛西威,,
2023-05-01,2024-04-30,2022,300012,华测检测,,
2023-05-01,2024-04-30,2022,300015,爱尔眼科,,
2023-05-01,2024-04-30,2022,300033,同花顺,,
2023-05-01,2024-04-30,2022,300059,东方财富,,
2023-05-01,2024-04-30,2022,300124,汇川技术,,
2023-05-01,2024-04-30,2022,300357,我武生物,,
2023-05-01,2024-04-30,2022,300395,菲利华,,
2023-05-01,2024-04-30,2022,300408,三环集团,,
2023-05-01,2024-04-30,2022,300529,健帆生物,,
2023-05-01,2024-04-30,2022,300628,亿联网络,,
2023-05-01,2024-04-30,2022,300699,光威复材,,
2023-05-01,2024-04-30,2022,300750,宁德时代,,
2023-05-01,2024-04-30,2022,300760,迈瑞医疗,,
2023-05-01,2024-04-30,2022,300896,爱美客,,
2023-05-01,2024-04-30,2022,600036,招商银行,,
2023-05-01,2024-04-30,2022,600066,宇通客车,,
2023-05-01,2024-04-30,2022,600111,北方稀土,,
2023-05-01,2024-04-30,2022,600132,重庆啤酒,,
2023-05-01,2024-04-30,2022,600160,巨化股份,,
2023-05-01,2024-04-30,2022,600161,天坛生物,,
2023-05-01,2024-04-30,2022,600176,中国巨石,,
2023-05-01,2024-04-30,2022,600276,恒瑞医药,,
2023-05-01,2024-04-30,2022,600298,安琪酵母,,
2023-05-01,2024-04-30,2022,600309,万华化学,,
2023-05-01,2024-04-30,2022,600415,小商品城,,
2023-05-01,2024-04-30,2022,600426,华鲁恒升,,
2023-05-01,2024-04-30,2022,600436,片仔癀,,
2023-05-01,2024-04-30,2022,600519,贵州茅台,,
2023-05-01,2024-04-30,2022,600570,恒生电子,,
2023-05-01,2024-04-30,2022,600600,青岛啤酒,,
2023-05-01,2024-04-30,2022,600660,福耀玻璃,,
2023-05-01,2024-04-30,2022,600690,海尔智家,,
2023-05-01,2024-04-30,2022,600809,山西汾酒,,
2023-05-01,2024-04-30,2022,600862,中航高科,,
2023-05-01,2024-04-30,2022,600885,宏发股份,,
2023-05-01,2024-04-30,2022,600887,伊利股份,,
2023-05-01,2024-04-30,2022,600900,长江电力,,
2023-05-01,2024-04-30,2022,600938,中国海油,,
2023-05-01,2024-04-30,2022,601088,中国神华,,
2023-05-01,2024-04-30,2022,601100,恒立液压,,
2023-05-01,2024-04-30,2022,601888,中国中免,,
2023-05-01,2024-04-30,2022,601899,紫金矿业,,
2023-05-01,2024-04-30,2022,603195,公牛集团,,
2023-05-01,2024-04-30,2022,603259,药明康德,,
2023-05-01,2024-04-30,2022,603288,海天味业,,
2023-05-01,2024-04-30,2022,603501,豪威集团,,
2023-05-01,2024-04-30,2022,603505,金石资源,,
2023-05-01,2024-04-30,2022,603806,福斯特,,
2023-05-01,2024-04-30,2022,603868,飞科电器,,
2023-05-01,2024-04-30,2022,603899,晨光股份,,
2023-05-01,2024-04-30,2022,603993,洛阳钼业,,
2023-05-01,2024-04-30,2022,605499,东鹏饮料,,
2023-05-01,2024-04-30,2022,688008,澜起科技,,
2023-05-01,2024-04-30,2022,688012,中微公司,,
2023-05-01,2024-04-30,2022,688111,金山办公,,
2023-05-01,2024-04-30,2022,688122,西部超导,,
2023-05-01,2024-04-30,2022,688188,柏楚电子,,
2023-05-01,2024-04-30,2022,688278,特宝生物,,
2023-05-01,2024-04-30,2022,688301,奕瑞科技,,
2023-05-01,2024-04-30,2022,688777,中控技术,,
2023-05-01,2024-04-30,2022,688981,中芯国际,,
2024-05-01,2025-04-30,2023,000333,美的集团,,
2024-05-01,2025-04-30,2023,000538,云南白药,,
2024-05-01,2025-04-30,2023,000568,泸州老窖,,
2024-05-01,2025-04-30,2023,000596,古井贡酒,,
2024-05-01,2025-04-30,2023,000651,格力电器,,
2024-05-01,2025-04-30,2023,000661,长春高新,,
2024-05-01,2025-04-30,2023,000725,京东方A,,
2024-05-01,2025-04-30,2023,000733,振华科技,,
2024-05-01,2025-04-30,2023,000786,北新建材,,
2024-05-01,2025-04-30,2023,000858,五粮液,,
2024-05-01,2025-04-30,2023,000895,双汇发展,,
2024-05-01,2025-04-30,2023,000999,华润三九,,
2024-05-01,2025-04-30,2023,002001,新和成,,
2024-05-01,2025-04-30,2023,002007,华兰生物,,
2024-05-01,2025-04-30,2023,002027,分众传媒,,
2024-05-01,2025-04-30,2023,002032,苏泊尔,,
2024-05-01,2025-04-30,2023,002049,紫光国微,,
2024-05-01,2025-04-30,2023,002050,三花智控,,
2024-05-01,2025-04-30,2023,002128,电投能源,,
2024-05-01,2025-04-30,2023,002142,宁波银行,,
2024-05-01,2025-04-30,2023,002153,石基信息,,
2024-05-01,2025-04-30,2023,002179,中航光电,,
2024-05-01,2025-04-30,2023,002222,福晶科技,,
2024-05-01,2025-04-30,2023,002236,大华股份,,
2024-05-01,2025-04-30,2023,002262,恩华药业,,
2024-05-01,2025-04-30,2023,002287,奇正藏药,,
2024-05-01,2025-04-30,2023,002304,洋河股份,,
2024-05-01,2025-04-30,2023,002311,海大集团,,
2024-05-01,2025-04-30,2023,002352,顺丰控股,,
2024-05-01,2025-04-30,2023,002371,北方华创,,
2024-05-01,2025-04-30,2023,002372,伟星新材,,
2024-05-01,2025-04-30,2023,002410,广联达,,
2024-05-01,2025-04-30,2023,002414,高德红外,,
2024-05-01,2025-04-30,2023,002415,海康威视,,
2024-05-01,2025-04-30,2023,002430,杭氧股份,,
2024-05-01,2025-04-30,2023,002460,赣锋锂业,,
2024-05-01,2025-04-30,2023,002466,天齐锂业,,
2024-05-01,2025-04-30,2023,002475,立讯精密,,
2024-05-01,2025-04-30,2023,002532,天山铝业,,
2024-05-01,2025-04-30,2023,002594,比亚迪,,
2024-05-01,2025-04-30,2023,002690,美亚光电,,
2024-05-01,2025-04-30,2023,002714,牧原股份,,
2024-05-01,2025-04-30,2023,002738,中矿资源,,
2024-05-01,2025-04-30,2023,002920,德赛西威,,
2024-05-01,2025-04-30,2023,300012,华测检测,,
2024-05-01,2025-04-30,2023,300015,爱尔眼科,,
2024-05-01,2025-04-30,2023,300033,同花顺,,
2024-05-01,2025-04-30,2023,300034,钢研高纳,,
2024-05-01,2025-04-30,2023,300059,东方财富,,
2024-05-01,2025-04-30,2023,300124,汇川技术,,
2024-05-01,2025-04-30,2023,300308,中际旭创,,
2024-05-01,2025-04-30,2023,300357,我武生物,,
2024-05-01,2025-04-30,2023,300395,菲利华,,
2024-05-01,2025-04-30,2023,300408,三环集团,,
2024-05-01,2025-04-30,2023,300529,健帆生物,,
2024-05-01,2025-04-30,2023,300573,兴齐眼药,,
2024-05-01,2025-04-30,2023,300628,亿联网络,,
2024-05-01,2025-04-30,2023,300699,光威复材,,
2024-05-01,2025-04-30,2023,300750,宁德时代,,
2024-05-01,2025-04-30,2023,300760,迈瑞医疗,,
2024-05-01,2025-04-30,2023,300896,爱美客,,
2024-05-01,2025-04-30,2023,301269,华大九天,,
2024-05-01,2025-04-30,2023,600036,招商银行,,
2024-05-01,2025-04-30,2023,600066,宇通客车,,
2024-05-01,2025-04-30,2023,600111,北方稀土,,
2024-05-01,2025-04-30,2023,600132,重庆啤酒,,
2024-05-01,2025-04-30,2023,600160,巨化股份,,
2024-05-01,2025-04-30,2023,600161,天坛生物,,
2024-05-01,2025-04-30,2023,600176,中国巨石,,
2024-05-01,2025-04-30,2023,600276,恒瑞医药,,
2024-05-01,2025-04-30,2023,600298,安琪酵母,,
2024-05-01,2025-04-30,2023,600309,万华化学,,
2024-05-01,2025-04-30,2023,600415,小商品城,,
2024-05-01,2025-04-30,2023,600426,华鲁恒升,,
2024-05-01,2025-04-30,2023,600436,片仔癀,,
2024-05-01,2025-04-30,2023,600519,贵州茅台,,
2024-05-01,2025-04-30,2023,600570,恒生电子,,
2024-05-01,2025-04-30,2023,600600,青岛啤酒,,
2024-05-01,2025-04-30,2023,600660,福耀玻璃,,
2024-05-01,2025-04-30,2023,600690,海尔智家,,
2024-05-01,2025-04-30,2023,600809,山西汾酒,,
2024-05-01,2025-04-30,2023,600862,中航高科,,
2024-05-01,2025-04-30,2023,600885,宏发股份,,
2024-05-01,2025-04-30,2023,600887,伊利股份,,
2024-05-01,2025-04-30,2023,600900,长江电力,,
2024-05-01,2025-04-30,2023,600938,中国海油,,
2024-05-01,2025-04-30,2023,601088,中国神华,,
2024-05-01,2025-04-30,2023,601100,恒立液压,,
2024-05-01,2025-04-30,2023,601899,紫金矿业,,
2024-05-01,2025-04-30,2023,603195,公牛集团,,
2024-05-01,2025-04-30,2023,603259,药明康德,,
2024-05-01,2025-04-30,2023,603288,海天味业,,
2024-05-01,2025-04-30,2023,603501,豪威集团,,
2024-05-01,2025-04-30,2023,603505,金石资源,,
2024-05-01,2025-04-30,2023,603806,福斯特,,
2024-05-01,2025-04-30,2023,603993,洛阳钼业,,
2024-05-01,2025-04-30,2023,605499,东鹏饮料,,
2024-05-01,2025-04-30,2023,688008,澜起科技,,
2024-05-01,2025-04-30,2023,688012,中微公司,,
2024-05-01,2025-04-30,2023,688041,海光信息,,
2024-05-01,2025-04-30,2023,688111,金山办公,,
2024-05-01,2025-04-30,2023,688120,华海清科,,
2024-05-01,2025-04-30,2023,688122,西部超导,,
2024-05-01,2025-04-30,2023,688188,柏楚电子,,
2024-05-01,2025-04-30,2023,688271,联影医疗,,
2024-05-01,2025-04-30,2023,688278,特宝生物,,
2024-05-01,2025-04-30,2023,688281,华秦科技,,
2024-05-01,2025-04-30,2023,688301,奕瑞科技,,
2024-05-01,2025-04-30,2023,688777,中控技术,,
2024-05-01,2025-04-30,2023,688981,中芯国际,,
2025-05-01,2026-04-30,2024,000333,美的集团,,
2025-05-01,2026-04-30,2024,000538,云南白药,,
2025-05-01,2026-04-30,2024,000568,泸州老窖,,
2025-05-01,2026-04-30,2024,000596,古井贡酒,,
2025-05-01,2026-04-30,2024,000651,格力电器,,
2025-05-01,2026-04-30,2024,000661,长春高新,,
2025-05-01,2026-04-30,2024,000725,京东方A,,
2025-05-01,2026-04-30,2024,000733,振华科技,,
2025-05-01,2026-04-30,2024,000786,北新建材,,
2025-05-01,2026-04-30,2024,000858,五粮液,,
2025-05-01,2026-04-30,2024,000895,双汇发展,,
2025-05-01,2026-04-30,2024,000999,华润三九,,
2025-05-01,2026-04-30,2024,002001,新和成,,
2025-05-01,2026-04-30,2024,002007,华兰生物,,
2025-05-01,2026-04-30,2024,002027,分众传媒,,
2025-05-01,2026-04-30,2024,002032,苏泊尔,,
2025-05-01,2026-04-30,2024,002049,紫光国微,,
2025-05-01,2026-04-30,2024,002050,三花智控,,
2025-05-01,2026-04-30,2024,002128,电投能源,,
2025-05-01,2026-04-30,2024,002142,宁波银行,,
2025-05-01,2026-04-30,2024,002153,石基信息,,
2025-05-01,2026-04-30,2024,002179,中航光电,,
2025-05-01,2026-04-30,2024,002222,福晶科技,,
2025-05-01,2026-04-30,2024,002236,大华股份,,
2025-05-01,2026-04-30,2024,002262,恩华药业,,
2025-05-01,2026-04-30,2024,002287,奇正藏药,,
2025-05-01,2026-04-30,2024,002304,洋河股份,,
2025-05-01,2026-04-30,2024,002311,海大集团,,
2025-05-01,2026-04-30,2024,002352,顺丰控股,,
2025-05-01,2026-04-30,2024,002371,北方华创,,
2025-05-01,2026-04-30,2024,002372,伟星新材,,
2025-05-01,2026-04-30,2024,002410,广联达,,
2025-05-01,2026-04-30,2024,002414,高德红外,,
2025-05-01,2026-04-30,2024,002415,海康威视,,
2025-05-01,2026-04-30,2024,002430,杭氧股份,,
2025-05-01,2026-04-30,2024,002460,赣锋锂业,,
2025-05-01,2026-04-30,2024,002466,天齐锂业,,
2025-05-01,2026-04-30,2024,002475,立讯精密,,
2025-05-01,2026-04-30,2024,002532,天山铝业,,
2025-05-01,2026-04-30,2024,002594,比亚迪,,
2025-05-01,2026-04-30,2024,002690,美亚光电,,
2025-05-01,2026-04-30,2024,002714,牧原股份,,
2025-05-01,2026-04-30,2024,002738,中矿资源,,
2025-05-01,2026-04-30,2024,002920,德赛西威,,
2025-05-01,2026-04-30,2024,300012,华测检测,,
2025-05-01,2026-04-30,2024,300015,爱尔眼科,,
2025-05-01,2026-04-30,2024,300033,同花顺,,
2025-05-01,2026-04-30,2024,300034,钢研高纳,,
2025-05-01,2026-04-30,2024,300054,鼎龙股份,,
2025-05-01,2026-04-30,2024,300059,东方财富,,
2025-05-01,2026-04-30,2024,300124,汇川技术,,
2025-05-01,2026-04-30,2024,300308,中际旭创,,
2025-05-01,2026-04-30,2024,300357,我武生物,,
2025-05-01,2026-04-30,2024,300395,菲利华,,
2025-05-01,2026-04-30,2024,300408,三环集团,,
2025-05-01,2026-04-30,2024,300529,健帆生物,,
2025-05-01,2026-04-30,2024,300573,兴齐眼药,,
2025-05-01,2026-04-30,2024,300628,亿联网络,,
2025-05-01,2026-04-30,2024,300699,光威复材,,
2025-05-01,2026-04-30,2024,300750,宁德时代,,
2025-05-01,2026-04-30,2024,300760,迈瑞医疗,,
2025-05-01,2026-04-30,2024,300896,爱美客,,
2025-05-01,2026-04-30,2024,301269,华大九天,,
2025-05-01,2026-04-30,2024,301498,乖宝宠物,,
2025-05-01,2026-04-30,2024,600036,招商银行,,
2025-05-01,2026-04-30,2024,600066,宇通客车,,
2025-05-01,2026-04-30,2024,600111,北方稀土,,
2025-05-01,2026-04-30,2024,600132,重庆啤酒,,
2025-05-01,2026-04-30,2024,600160,巨化股份,,
2025-05-01,2026-04-30,2024,600161,天坛生物,,
2025-05-01,2026-04-30,2024,600176,中国巨石,,
2025-05-01,2026-04-30,2024,600276,恒瑞医药,,
2025-05-01,2026-04-30,2024,600298,安琪酵母,,
2025-05-01,2026-04-30,2024,600309,万华化学,,
2025-05-01,2026-04-30,2024,600415,小商品城,,
2025-05-01,2026-04-30,2024,600426,华鲁恒升,,
2025-05-01,2026-04-30,2024,600436,片仔癀,,
2025-05-01,2026-04-30,2024,600519,贵州茅台,,
2025-05-01,2026-04-30,2024,600570,恒生电子,,
2025-05-01,2026-04-30,2024,600600,青岛啤酒,,
2025-05-01,2026-04-30,2024,600660,福耀玻璃,,
2025-05-01,2026-04-30,2024,600690,海尔智家,,
2025-05-01,2026-04-30,2024,600809,山西汾酒,,
2025-05-01,2026-04-30,2024,600862,中航高科,,
2025-05-01,2026-04-30,2024,600885,宏发股份,,
2025-05-01,2026-04-30,2024,600887,伊利股份,,
2025-05-01,2026-04-30,2024,600900,长江电力,,
2025-05-01,2026-04-30,2024,600938,中国海油,,
2025-05-01,2026-04-30,2024,601088,中国神华,,
2025-05-01,2026-04-30,2024,601100,恒立液压,,
2025-05-01,2026-04-30,2024,601899,紫金矿业,,
2025-05-01,2026-04-30,2024,603195,公牛集团,,
2025-05-01,2026-04-30,2024,603259,药明康德,,
2025-05-01,2026-04-30,2024,603288,海天味业,,
2025-05-01,2026-04-30,2024,603501,豪威集团,,
2025-05-01,2026-04-30,2024,603505,金石资源,,
2025-05-01,2026-04-30,2024,603806,福斯特,,
2025-05-01,2026-04-30,2024,603993,洛阳钼业,,
2025-05-01,2026-04-30,2024,605499,东鹏饮料,,
2025-05-01,2026-04-30,2024,688008,澜起科技,,
2025-05-01,2026-04-30,2024,688012,中微公司,,
2025-05-01,2026-04-30,2024,688041,海光信息,,
2025-05-01,2026-04-30,2024,688111,金山办公,,
2025-05-01,2026-04-30,2024,688120,华海清科,,
2025-05-01,2026-04-30,2024,688122,西部超导,,
2025-05-01,2026-04-30,2024,688188,柏楚电子,,
2025-05-01,2026-04-30,2024,688271,联影医疗,,
2025-05-01,2026-04-30,2024,688278,特宝生物,,
2025-05-01,2026-04-30,2024,688281,华秦科技,,
2025-05-01,2026-04-30,2024,688301,奕瑞科技,,
2025-05-01,2026-04-30,2024,688563,航材股份,,
2025-05-01,2026-04-30,2024,688692,达梦数据,,
2025-05-01,2026-04-30,2024,688777,中控技术,,
2025-05-01,2026-04-30,2024,688981,中芯国际,,
2026-05-01,2027-04-30,2025,000333,美的集团,,
2026-05-01,2027-04-30,2025,000538,云南白药,,
2026-05-01,2027-04-30,2025,000568,泸州老窖,,
2026-05-01,2027-04-30,2025,000596,古井贡酒,,
2026-05-01,2027-04-30,2025,000651,格力电器,,
2026-05-01,2027-04-30,2025,000661,长春高新,,
2026-05-01,2027-04-30,2025,000725,京东方A,,
2026-05-01,2027-04-30,2025,000733,振华科技,,
2026-05-01,2027-04-30,2025,000786,北新建材,,
2026-05-01,2027-04-30,2025,000858,五粮液,,
2026-05-01,2027-04-30,2025,000895,双汇发展,,
2026-05-01,2027-04-30,2025,000999,华润三九,,
2026-05-01,2027-04-30,2025,002001,新和成,,
2026-05-01,2027-04-30,2025,002007,华兰生物,,
2026-05-01,2027-04-30,2025,002027,分众传媒,,
2026-05-01,2027-04-30,2025,002032,苏泊尔,,
2026-05-01,2027-04-30,2025,002049,紫光国微,,
2026-05-01,2027-04-30,2025,002050,三花智控,,
2026-05-01,2027-04-30,2025,002128,电投能源,,
2026-05-01,2027-04-30,2025,002142,宁波银行,,
2026-05-01,2027-04-30,2025,002153,石基信息,,
2026-05-01,2027-04-30,2025,002179,中航光电,,
2026-05-01,2027-04-30,2025,002222,福晶科技,,
2026-05-01,2027-04-30,2025,002236,大华股份,,
2026-05-01,2027-04-30,2025,002262,恩华药业,,
2026-05-01,2027-04-30,2025,002287,奇正藏药,,
2026-05-01,2027-04-30,2025,002304,洋河股份,,
2026-05-01,2027-04-30,2025,002311,海大集团,,
2026-05-01,2027-04-30,2025,002352,顺丰控股,,
2026-05-01,2027-04-30,2025,002371,北方华创,,
2026-05-01,2027-04-30,2025,002372,伟星新材,,
2026-05-01,2027-04-30,2025,002410,广联达,,
2026-05-01,2027-04-30,2025,002414,高德红外,,
2026-05-01,2027-04-30,2025,002415,海康威视,,
2026-05-01,2027-04-30,2025,002430,杭氧股份,,
2026-05-01,2027-04-30,2025,002460,赣锋锂业,,
2026-05-01,2027-04-30,2025,002466,天齐锂业,,
2026-05-01,2027-04-30,2025,002475,立讯精密,,
2026-05-01,2027-04-30,2025,002532,天山铝业,,
2026-05-01,2027-04-30,2025,002594,比亚迪,,
2026-05-01,2027-04-30,2025,002690,美亚光电,,
2026-05-01,2027-04-30,2025,002714,牧原股份,,
2026-05-01,2027-04-30,2025,002738,中矿资源,,
2026-05-01,2027-04-30,2025,002920,德赛西威,,
2026-05-01,2027-04-30,2025,300012,华测检测,,
2026-05-01,2027-04-30,2025,300015,爱尔眼科,,
2026-05-01,2027-04-30,2025,300033,同花顺,,
2026-05-01,2027-04-30,2025,300034,钢研高纳,,
2026-05-01,2027-04-30,2025,300054,鼎龙股份,,
2026-05-01,2027-04-30,2025,300059,东方财富,,
2026-05-01,2027-04-30,2025,300124,汇川技术,,
2026-05-01,2027-04-30,2025,300308,中际旭创,,
2026-05-01,2027-04-30,2025,300357,我武生物,,
2026-05-01,2027-04-30,2025,300395,菲利华,,
2026-05-01,2027-04-30,2025,300408,三环集团,,
2026-05-01,2027-04-30,2025,300529,健帆生物,,
2026-05-01,2027-04-30,2025,300573,兴齐眼药,,
2026-05-01,2027-04-30,2025,300628,亿联网络,,
2026-05-01,2027-04-30,2025,300699,光威复材,,
2026-05-01,2027-04-30,2025,300750,宁德时代,,
2026-05-01,2027-04-30,2025,300760,迈瑞医疗,,
2026-05-01,2027-04-30,2025,300896,爱美客,,
2026-05-01,2027-04-30,2025,301269,华大九天,,
2026-05-01,2027-04-30,2025,301498,乖宝宠物,,
2026-05-01,2027-04-30,2025,600036,招商银行,,
2026-05-01,2027-04-30,2025,600066,宇通客车,,
2026-05-01,2027-04-30,2025,600111,北方稀土,,
2026-05-01,2027-04-30,2025,600132,重庆啤酒,,
2026-05-01,2027-04-30,2025,600160,巨化股份,,
2026-05-01,2027-04-30,2025,600161,天坛生物,,
2026-05-01,2027-04-30,2025,600176,中国巨石,,
2026-05-01,2027-04-30,2025,600276,恒瑞医药,,
2026-05-01,2027-04-30,2025,600298,安琪酵母,,
2026-05-01,2027-04-30,2025,600309,万华化学,,
2026-05-01,2027-04-30,2025,600415,小商品城,,
2026-05-01,2027-04-30,2025,600426,华鲁恒升,,
2026-05-01,2027-04-30,2025,600436,片仔癀,,
2026-05-01,2027-04-30,2025,600519,贵州茅台,,
2026-05-01,2027-04-30,2025,600570,恒生电子,,
2026-05-01,2027-04-30,2025,600600,青岛啤酒,,
2026-05-01,2027-04-30,2025,600660,福耀玻璃,,
2026-05-01,2027-04-30,2025,600690,海尔智家,,
2026-05-01,2027-04-30,2025,600809,山西汾酒,,
2026-05-01,2027-04-30,2025,600862,中航高科,,
2026-05-01,2027-04-30,2025,600885,宏发股份,,
2026-05-01,2027-04-30,2025,600887,伊利股份,,
2026-05-01,2027-04-30,2025,600900,长江电力,,
2026-05-01,2027-04-30,2025,600938,中国海油,,
2026-05-01,2027-04-30,2025,601088,中国神华,,
2026-05-01,2027-04-30,2025,601100,恒立液压,,
2026-05-01,2027-04-30,2025,601899,紫金矿业,,
2026-05-01,2027-04-30,2025,603195,公牛集团,,
2026-05-01,2027-04-30,2025,603259,药明康德,,
2026-05-01,2027-04-30,2025,603288,海天味业,,
2026-05-01,2027-04-30,2025,603501,豪威集团,,
2026-05-01,2027-04-30,2025,603505,金石资源,,
2026-05-01,2027-04-30,2025,603806,福斯特,,
2026-05-01,2027-04-30,2025,603993,洛阳钼业,,
2026-05-01,2027-04-30,2025,605499,东鹏饮料,,
2026-05-01,2027-04-30,2025,688008,澜起科技,,
2026-05-01,2027-04-30,2025,688012,中微公司,,
2026-05-01,2027-04-30,2025,688041,海光信息,,
2026-05-01,2027-04-30,2025,688111,金山办公,,
2026-05-01,2027-04-30,2025,688120,华海清科,,
2026-05-01,2027-04-30,2025,688122,西部超导,,
2026-05-01,2027-04-30,2025,688188,柏楚电子,,
2026-05-01,2027-04-30,2025,688235,百济神州,,
2026-05-01,2027-04-30,2025,688256,寒武纪,,
2026-05-01,2027-04-30,2025,688271,联影医疗,,
2026-05-01,2027-04-30,2025,688278,特宝生物,,
2026-05-01,2027-04-30,2025,688281,华秦科技,,
2026-05-01,2027-04-30,2025,688301,奕瑞科技,,
2026-05-01,2027-04-30,2025,688563,航材股份,,
2026-05-01,2027-04-30,2025,688692,达梦数据,,
2026-05-01,2027-04-30,2025,688777,中控技术,,
2026-05-01,2027-04-30,2025,688981,中芯国际,,
2025-05-01,2026-04-30,2024,000063,中兴通讯,,
2025-05-01,2026-04-30,2024,000100,TCL科技,,
2025-05-01,2026-04-30,2024,000157,中联重科,,
2025-05-01,2026-04-30,2024,000338,潍柴动力,,
2025-05-01,2026-04-30,2024,000403,派林生物,,
2025-05-01,2026-04-30,2024,000408,藏格矿业,,
2025-05-01,2026-04-30,2024,000423,东阿阿胶,,
2025-05-01,2026-04-30,2024,000425,徐工机械,,
2025-05-01,2026-04-30,2024,000657,中钨高新,,
2025-05-01,2026-04-30,2024,000792,盐湖股份,,
2025-05-01,2026-04-30,2024,000893,亚钾国际,,
2025-05-01,2026-04-30,2024,000933,神火股份,,
2025-05-01,2026-04-30,2024,000938,紫光股份,,
2025-05-01,2026-04-30,2024,000951,中国重汽,,
2025-05-01,2026-04-30,2024,000960,锡业股份,,
2025-05-01,2026-04-30,2024,000998,隆平高科,,
2025-05-01,2026-04-30,2024,002008,大族激光,,
2025-05-01,2026-04-30,2024,002025,航天电器,,
2025-05-01,2026-04-30,2024,002130,沃尔核材,,
2025-05-01,2026-04-30,2024,002138,顺络电子,,
2025-05-01,2026-04-30,2024,002156,通富微电,,
2025-05-01,2026-04-30,2024,002158,汉钟精机,,
2025-05-01,2026-04-30,2024,002180,奔图科技,,
2025-05-01,2026-04-30,2024,002223,鱼跃医疗,,
2025-05-01,2026-04-30,2024,002252,上海莱士,,
2025-05-01,2026-04-30,2024,002270,华明装备,,
2025-05-01,2026-04-30,2024,002273,水晶光电,,
2025-05-01,2026-04-30,2024,002281,光迅科技,,
2025-05-01,2026-04-30,2024,002318,久立特材,,
2025-05-01,2026-04-30,2024,002384,东山精密,,
2025-05-01,2026-04-30,2024,002422,科伦药业,,
2025-05-01,2026-04-30,2024,002438,江苏神通,,
2025-05-01,2026-04-30,2024,002463,沪电股份,,
2025-05-01,2026-04-30,2024,002465,海格通信,,
2025-05-01,2026-04-30,2024,002484,江海股份,,
2025-05-01,2026-04-30,2024,002595,豪迈科技,,
2025-05-01,2026-04-30,2024,002648,卫星化学,,
2025-05-01,2026-04-30,2024,002675,东诚药业,,
2025-05-01,2026-04-30,2024,002683,广东宏大,,
2025-05-01,2026-04-30,2024,002821,凯莱英,,
2025-05-01,2026-04-30,2024,002837,英维克,,
2025-05-01,2026-04-30,2024,002906,华阳集团,,
2025-05-01,2026-04-30,2024,002916,深南电路,,
2025-05-01,2026-04-30,2024,002938,鹏鼎控股,,
2025-05-01,2026-04-30,2024,003031,中瓷电子,,
2025-05-01,2026-04-30,2024,300014,亿纬锂能,,
2025-05-01,2026-04-30,2024,300037,新宙邦,,
2025-05-01,2026-04-30,2024,300073,当升科技,,
2025-05-01,2026-04-30,2024,300146,汤臣倍健,,
2025-05-01,2026-04-30,2024,300215,电科院,,
2025-05-01,2026-04-30,2024,300226,上海钢联,,
2025-05-01,2026-04-30,2024,300232,洲明科技,,
2025-05-01,2026-04-30,2024,300274,阳光电源,,
2025-05-01,2026-04-30,2024,300296,利亚德,,
2025-05-01,2026-04-30,2024,300316,晶盛机电,,
2025-05-01,2026-04-30,2024,300341,麦克奥迪,,
2025-05-01,2026-04-30,2024,300346,南大光电,,
2025-05-01,2026-04-30,2024,300347,泰格医药,,
2025-05-01,2026-04-30,2024,300351,永贵电器,,
2025-05-01,2026-04-30,2024,300360,炬华科技,,
2025-05-01,2026-04-30,2024,300373,扬杰科技,,
2025-05-01,2026-04-30,2024,300394,天孚通信,,
2025-05-01,2026-04-30,2024,300413,芒果超媒,,
2025-05-01,2026-04-30,2024,300415,伊之密,,
2025-05-01,2026-04-30,2024,300435,中泰股份,,
2025-05-01,2026-04-30,2024,300450,先导智能,,
2025-05-01,2026-04-30,2024,300454,深信服,,
2025-05-01,2026-04-30,2024,300470,中密控股,,
2025-05-01,2026-04-30,2024,300474,景嘉微,,
2025-05-01,2026-04-30,2024,300476,胜宏科技,,
2025-05-01,2026-04-30,2024,300487,蓝晓科技,,
2025-05-01,2026-04-30,2024,300496,中科创达,,
2025-05-01,2026-04-30,2024,300502,新易盛,,
2025-05-01,2026-04-30,2024,300604,长川科技,,
2025-05-01,2026-04-30,2024,300627,华测导航,,
2025-05-01,2026-04-30,2024,300661,圣邦股份,,
2025-05-01,2026-04-30,2024,300666,江丰电子,,
2025-05-01,2026-04-30,2024,300685,艾德生物,,
2025-05-01,2026-04-30,2024,300726,宏达电子,,
2025-05-01,2026-04-30,2024,300759,康龙化成,,
2025-05-01,2026-04-30,2024,300776,帝尔激光,,
2025-05-01,2026-04-30,2024,300777,中简科技,,
2025-05-01,2026-04-30,2024,300811,铂科新材,,
2025-05-01,2026-04-30,2024,300832,新产业,,
2025-05-01,2026-04-30,2024,300866,安克创新,,
2025-05-01,2026-04-30,2024,300910,瑞丰新材,,
2025-05-01,2026-04-30,2024,301589,诺瓦星云,,
2025-05-01,2026-04-30,2024,600031,三一重工,,
2025-05-01,2026-04-30,2024,600085,同仁堂,,
2025-05-01,2026-04-30,2024,600150,中国船舶,,
2025-05-01,2026-04-30,2024,600183,生益科技,,
2025-05-01,2026-04-30,2024,600285,羚锐制药,,
2025-05-01,2026-04-30,2024,600406,国电南瑞,,
2025-05-01,2026-04-30,2024,600486,扬农化工,,
2025-05-01,2026-04-30,2024,600549,厦门钨业,,
2025-05-01,2026-04-30,2024,600563,法拉电子,,
2025-05-01,2026-04-30,2024,600584,长电科技,,
2025-05-01,2026-04-30,2024,600750,华润江中,,
2025-05-01,2026-04-30,2024,600970,中材国际,,
2025-05-01,2026-04-30,2024,600989,宝丰能源,,
2025-05-01,2026-04-30,2024,600993,马应龙,,
2025-05-01,2026-04-30,2024,601225,陕西煤业,,
2025-05-01,2026-04-30,2024,601958,金钼股份,,
2025-05-01,2026-04-30,2024,601965,中国汽研,,
2025-05-01,2026-04-30,2024,603019,中科曙光,,
2025-05-01,2026-04-30,2024,603031,安孚科技,,
2025-05-01,2026-04-30,2024,603067,振华股份,,
2025-05-01,2026-04-30,2024,603129,春风动力,,
2025-05-01,2026-04-30,2024,603156,养元饮品,,
2025-05-01,2026-04-30,2024,603267,鸿远电子,,
2025-05-01,2026-04-30,2024,603279,景津装备,,
2025-05-01,2026-04-30,2024,603529,爱玛科技,,
2025-05-01,2026-04-30,2024,603556,海兴电力,,
2025-05-01,2026-04-30,2024,605305,中际联合,,
2025-05-01,2026-04-30,2024,688002,睿创微纳,,
2025-05-01,2026-04-30,2024,688018,乐鑫科技,,
2025-05-01,2026-04-30,2024,688019,安集科技,,
2025-05-01,2026-04-30,2024,688072,拓荆科技,,
2025-05-01,2026-04-30,2024,688082,盛美上海,,
2025-05-01,2026-04-30,2024,688100,威胜信息,,
2025-05-01,2026-04-30,2024,688114,华大智造,,
2025-05-01,2026-04-30,2024,688123,聚辰股份,,
2025-05-01,2026-04-30,2024,688183,生益电子,,
2025-05-01,2026-04-30,2024,688190,云路股份,,
2025-05-01,2026-04-30,2024,688200,华峰测控,,
2025-05-01,2026-04-30,2024,688208,道通科技,,
2025-05-01,2026-04-30,2024,688300,联瑞新材,,
2025-05-01,2026-04-30,2024,688318,财富趋势,,
2025-05-01,2026-04-30,2024,688334,西高院,,
2025-05-01,2026-04-30,2024,688385,复旦微电,,
2025-05-01,2026-04-30,2024,688439,振华风光,,
2025-05-01,2026-04-30,2024,688516,奥特维,,
2025-05-01,2026-04-30,2024,688586,江航装备,,
2025-05-01,2026-04-30,2024,688617,惠泰医疗,,
2025-05-01,2026-04-30,2024,688630,芯碁微装,,
2025-05-01,2026-04-30,2024,688708,佳驰科技,,
2025-05-01,2026-04-30,2024,689009,九号公司,,
2026-05-01,2027-04-30,2025,000063,中兴通讯,,
2026-05-01,2027-04-30,2025,000100,TCL科技,,
2026-05-01,2027-04-30,2025,000157,中联重科,,
2026-05-01,2027-04-30,2025,000338,潍柴动力,,
2026-05-01,2027-04-30,2025,000403,派林生物,,
2026-05-01,2027-04-30,2025,000408,藏格矿业,,
2026-05-01,2027-04-30,2025,000423,东阿阿胶,,
2026-05-01,2027-04-30,2025,000425,徐工机械,,
2026-05-01,2027-04-30,2025,000657,中钨高新,,
2026-05-01,2027-04-30,2025,000792,盐湖股份,,
2026-05-01,2027-04-30,2025,000893,亚钾国际,,
2026-05-01,2027-04-30,2025,000933,神火股份,,
2026-05-01,2027-04-30,2025,000938,紫光股份,,
2026-05-01,2027-04-30,2025,000951,中国重汽,,
2026-05-01,2027-04-30,2025,000960,锡业股份,,
2026-05-01,2027-04-30,2025,000998,隆平高科,,
2026-05-01,2027-04-30,2025,002008,大族激光,,
2026-05-01,2027-04-30,2025,002025,航天电器,,
2026-05-01,2027-04-30,2025,002130,沃尔核材,,
2026-05-01,2027-04-30,2025,002138,顺络电子,,
2026-05-01,2027-04-30,2025,002156,通富微电,,
2026-05-01,2027-04-30,2025,002158,汉钟精机,,
2026-05-01,2027-04-30,2025,002180,奔图科技,,
2026-05-01,2027-04-30,2025,002223,鱼跃医疗,,
2026-05-01,2027-04-30,2025,002252,上海莱士,,
2026-05-01,2027-04-30,2025,002270,华明装备,,
2026-05-01,2027-04-30,2025,002273,水晶光电,,
2026-05-01,2027-04-30,2025,002281,光迅科技,,
2026-05-01,2027-04-30,2025,002318,久立特材,,
2026-05-01,2027-04-30,2025,002384,东山精密,,
2026-05-01,2027-04-30,2025,002422,科伦药业,,
2026-05-01,2027-04-30,2025,002438,江苏神通,,
2026-05-01,2027-04-30,2025,002463,沪电股份,,
2026-05-01,2027-04-30,2025,002465,海格通信,,
2026-05-01,2027-04-30,2025,002484,江海股份,,
2026-05-01,2027-04-30,2025,002595,豪迈科技,,
2026-05-01,2027-04-30,2025,002648,卫星化学,,
2026-05-01,2027-04-30,2025,002675,东诚药业,,
2026-05-01,2027-04-30,2025,002683,广东宏大,,
2026-05-01,2027-04-30,2025,002821,凯莱英,,
2026-05-01,2027-04-30,2025,002837,英维克,,
2026-05-01,2027-04-30,2025,002906,华阳集团,,
2026-05-01,2027-04-30,2025,002916,深南电路,,
2026-05-01,2027-04-30,2025,002938,鹏鼎控股,,
2026-05-01,2027-04-30,2025,003031,中瓷电子,,
2026-05-01,2027-04-30,2025,300014,亿纬锂能,,
2026-05-01,2027-04-30,2025,300037,新宙邦,,
2026-05-01,2027-04-30,2025,300073,当升科技,,
2026-05-01,2027-04-30,2025,300146,汤臣倍健,,
2026-05-01,2027-04-30,2025,300215,电科院,,
2026-05-01,2027-04-30,2025,300226,上海钢联,,
2026-05-01,2027-04-30,2025,300232,洲明科技,,
2026-05-01,2027-04-30,2025,300274,阳光电源,,
2026-05-01,2027-04-30,2025,300296,利亚德,,
2026-05-01,2027-04-30,2025,300316,晶盛机电,,
2026-05-01,2027-04-30,2025,300341,麦克奥迪,,
2026-05-01,2027-04-30,2025,300346,南大光电,,
2026-05-01,2027-04-30,2025,300347,泰格医药,,
2026-05-01,2027-04-30,2025,300351,永贵电器,,
2026-05-01,2027-04-30,2025,300360,炬华科技,,
2026-05-01,2027-04-30,2025,300373,扬杰科技,,
2026-05-01,2027-04-30,2025,300394,天孚通信,,
2026-05-01,2027-04-30,2025,300413,芒果超媒,,
2026-05-01,2027-04-30,2025,300415,伊之密,,
2026-05-01,2027-04-30,2025,300435,中泰股份,,
2026-05-01,2027-04-30,2025,300450,先导智能,,
2026-05-01,2027-04-30,2025,300454,深信服,,
2026-05-01,2027-04-30,2025,300470,中密控股,,
2026-05-01,2027-04-30,2025,300474,景嘉微,,
2026-05-01,2027-04-30,2025,300476,胜宏科技,,
2026-05-01,2027-04-30,2025,300487,蓝晓科技,,
2026-05-01,2027-04-30,2025,300496,中科创达,,
2026-05-01,2027-04-30,2025,300502,新易盛,,
2026-05-01,2027-04-30,2025,300604,长川科技,,
2026-05-01,2027-04-30,2025,300627,华测导航,,
2026-05-01,2027-04-30,2025,300661,圣邦股份,,
2026-05-01,2027-04-30,2025,300666,江丰电子,,
2026-05-01,2027-04-30,2025,300685,艾德生物,,
2026-05-01,2027-04-30,2025,300726,宏达电子,,
2026-05-01,2027-04-30,2025,300759,康龙化成,,
2026-05-01,2027-04-30,2025,300776,帝尔激光,,
2026-05-01,2027-04-30,2025,300777,中简科技,,
2026-05-01,2027-04-30,2025,300811,铂科新材,,
2026-05-01,2027-04-30,2025,300832,新产业,,
2026-05-01,2027-04-30,2025,300866,安克创新,,
2026-05-01,2027-04-30,2025,300910,瑞丰新材,,
2026-05-01,2027-04-30,2025,301589,诺瓦星云,,
2026-05-01,2027-04-30,2025,600031,三一重工,,
2026-05-01,2027-04-30,2025,600085,同仁堂,,
2026-05-01,2027-04-30,2025,600150,中国船舶,,
2026-05-01,2027-04-30,2025,600183,生益科技,,
2026-05-01,2027-04-30,2025,600285,羚锐制药,,
2026-05-01,2027-04-30,2025,600406,国电南瑞,,
2026-05-01,2027-04-30,2025,600486,扬农化工,,
2026-05-01,2027-04-30,2025,600549,厦门钨业,,
2026-05-01,2027-04-30,2025,600563,法拉电子,,
2026-05-01,2027-04-30,2025,600584,长电科技,,
2026-05-01,2027-04-30,2025,600750,华润江中,,
2026-05-01,2027-04-30,2025,600970,中材国际,,
2026-05-01,2027-04-30,2025,600989,宝丰能源,,
2026-05-01,2027-04-30,2025,600993,马应龙,,
2026-05-01,2027-04-30,2025,601225,陕西煤业,,
2026-05-01,2027-04-30,2025,601958,金钼股份,,
2026-05-01,2027-04-30,2025,601965,中国汽研,,
2026-05-01,2027-04-30,2025,603019,中科曙光,,
2026-05-01,2027-04-30,2025,603031,安孚科技,,
2026-05-01,2027-04-30,2025,603067,振华股份,,
2026-05-01,2027-04-30,2025,603129,春风动力,,
2026-05-01,2027-04-30,2025,603156,养元饮品,,
2026-05-01,2027-04-30,2025,603267,鸿远电子,,
2026-05-01,2027-04-30,2025,603279,景津装备,,
2026-05-01,2027-04-30,2025,603529,爱玛科技,,
2026-05-01,2027-04-30,2025,603556,海兴电力,,
2026-05-01,2027-04-30,2025,605305,中际联合,,
2026-05-01,2027-04-30,2025,688002,睿创微纳,,
2026-05-01,2027-04-30,2025,688018,乐鑫科技,,
2026-05-01,2027-04-30,2025,688019,安集科技,,
2026-05-01,2027-04-30,2025,688072,拓荆科技,,
2026-05-01,2027-04-30,2025,688082,盛美上海,,
2026-05-01,2027-04-30,2025,688100,威胜信息,,
2026-05-01,2027-04-30,2025,688114,华大智造,,
2026-05-01,2027-04-30,2025,688123,聚辰股份,,
2026-05-01,2027-04-30,2025,688183,生益电子,,
2026-05-01,2027-04-30,2025,688190,云路股份,,
2026-05-01,2027-04-30,2025,688200,华峰测控,,
2026-05-01,2027-04-30,2025,688208,道通科技,,
2026-05-01,2027-04-30,2025,688300,联瑞新材,,
2026-05-01,2027-04-30,2025,688318,财富趋势,,
2026-05-01,2027-04-30,2025,688334,西高院,,
2026-05-01,2027-04-30,2025,688385,复旦微电,,
2026-05-01,2027-04-30,2025,688439,振华风光,,
2026-05-01,2027-04-30,2025,688516,奥特维,,
2026-05-01,2027-04-30,2025,688586,江航装备,,
2026-05-01,2027-04-30,2025,688617,惠泰医疗,,
2026-05-01,2027-04-30,2025,688630,芯碁微装,,
2026-05-01,2027-04-30,2025,688708,佳驰科技,,
2026-05-01,2027-04-30,2025,689009,九号公司,,
